page,clicks,impressions,ctr,position
https://articulatekids.co.uk/18-month-old-not-talking-when-to-worry-vs-when-to-wait/,1076,61994,1.74,6.9
https://articulatekids.co.uk/late-talking-signs-in-toddlers-red-flags-vs-normal-variation/,278,34261,0.81,5.7
https://articulatekids.co.uk/when-should-my-child-start-talking-age-by-age-speech-milestones/,211,75073,0.28,8.6
https://articulatekids.co.uk/,179,6109,2.93,17.4
https://articulatekids.co.uk/potty-training-for-neurodivergent-children-a-gentle-sensory-informed-approach/,176,14496,1.21,9.9
https://articulatekids.co.uk/how-diet-affects-your-childs-speech-language-and-attention-a-speech-therapists-guide/,161,16193,0.99,7.5
https://articulatekids.co.uk/ehcp-tribunal-expert/,99,1696,5.84,7.1
https://articulatekids.co.uk/the-alarming-decline-in-childrens-motor-skills-why-movement-matters-more-than-ever/,99,4456,2.22,7.7
https://articulatekids.co.uk/courses/the-connected-parent-pathway/lessons/9-12-years/,72,3271,2.2,9.6
https://articulatekids.co.uk/adhd-and-speech-language-therapy-at-articulate-kids/,52,5320,0.98,9.7
https://articulatekids.co.uk/speech-therapist-dartford/,52,866,6.0,14.4
https://articulatekids.co.uk/working-memory-and-dyslexia-what-every-parent-should-know/,47,5933,0.79,9.5
https://articulatekids.co.uk/verbal-dyspraxia-in-children-signs-support-and-speech-therapy-solutions/,43,7854,0.55,9.2
https://articulatekids.co.uk/conditions-help/dyslexia-and-working-memory/,39,3704,1.05,10.0
https://articulatekids.co.uk/speech-therapist-bromley/,39,1172,3.33,9.3
https://articulatekids.co.uk/speech-therapist-bexley/,37,882,4.2,12.1
https://articulatekids.co.uk/videos/,35,1482,2.36,7.9
https://articulatekids.co.uk/courses/the-connected-parent-pathway/lessons/nervous-system-mapping-worksheet/,30,265,11.32,8.6
https://articulatekids.co.uk/adhd-and-speech-delay-understanding-the-overlap-and-how-to-help/,29,4608,0.63,8.7
https://articulatekids.co.uk/phonological-awareness-vs-phonological-memory-whats-the-difference-and-why-it-matters/,29,3916,0.74,7.2
https://articulatekids.co.uk/speech-therapist-london/,28,2681,1.04,33.5
https://articulatekids.co.uk/wp-content/uploads/2025/09/My-Calm-Plan.pdf,28,406,6.9,8.0
https://articulatekids.co.uk/autism-vs-late-talking-how-to-tell-the-difference-expert-guide/,27,2271,1.19,8.0
https://articulatekids.co.uk/speech-therapist-orpington/,22,792,2.78,12.1
https://articulatekids.co.uk/sleep-and-childrens-development-how-rest-affects-attention-behaviour-and-communication/,21,3400,0.62,10.4
https://articulatekids.co.uk/location/,13,918,1.42,24.1
https://articulatekids.co.uk/speech-therapist-petts-wood/,13,397,3.27,11.4
https://articulatekids.co.uk/book-an-appointment/,12,785,1.53,14.1
https://articulatekids.co.uk/conditions-help/speech-sounds-development/,12,2578,0.47,10.1
https://articulatekids.co.uk/harley-street-assessment-services-for-children-and-young-people-ages-2-18/,10,293,3.41,16.7
https://articulatekids.co.uk/speech-therapist-sidcup/,10,477,2.1,15.3
https://articulatekids.co.uk/about-3/,9,268,3.36,7.0
https://articulatekids.co.uk/courses/the-connected-parent-pathway/lessons/understanding-your-nervous-system/,9,760,1.18,9.8
https://articulatekids.co.uk/helping-children-with-autism-understanding-and-managing-food-aversions/,9,1849,0.49,10.3
https://articulatekids.co.uk/speech-therapist-harley-street/,9,397,2.27,16.2
https://articulatekids.co.uk/articulate-kids-v2/,8,402,1.99,9.9
https://articulatekids.co.uk/contact/,7,275,2.55,12.4
https://articulatekids.co.uk/faq/,7,151,4.64,5.8
https://articulatekids.co.uk/courses/the-connected-parent-pathway/lessons/understanding-meltdowns-vs-tantrums/,6,895,0.67,13.2
https://articulatekids.co.uk/testimonials/,6,197,3.05,5.7
https://articulatekids.co.uk/are-we-failing-girls-why-autism-often-goes-unrecognised-in-females/,5,466,1.07,8.6
https://articulatekids.co.uk/conditions-help/developmental-verbal-dyspraxia/,5,801,0.62,15.6
https://articulatekids.co.uk/conditions-help/stuttering/,5,1857,0.27,18.9
https://articulatekids.co.uk/courses/the-connected-parent-pathway/lessons/the-calm-plan-technique/,5,289,1.73,8.2
https://articulatekids.co.uk/speech-therapist-beckenham/,5,360,1.39,12.1
https://articulatekids.co.uk/conditions-help/language-development/,4,3651,0.11,19.3
https://articulatekids.co.uk/articulate-kids/,3,78,3.85,6.4
https://articulatekids.co.uk/conditions-help/behaviour/,3,451,0.67,13.6
https://articulatekids.co.uk/services/,3,226,1.33,8.0
https://articulatekids.co.uk/conditions-help/voice-disorders-dysphonia/,2,170,1.18,15.1
https://articulatekids.co.uk/courses/the-connected-parent-pathway/lessons/creating-your-calm-plan/,2,39,5.13,10.6
https://articulatekids.co.uk/speech-therapist-chislehurst/,2,109,1.83,8.2
https://articulatekids.co.uk/speech-therapist-eltham/,2,63,3.17,7.9
https://articulatekids.co.uk/about/,1,206,0.49,6.0
https://articulatekids.co.uk/courses/the-connected-parent-pathway/lessons/emergency-calm-kit/,1,17,5.88,21.7
https://articulatekids.co.uk/quizzes/module-3-assessment/,1,76,1.32,9.9
https://articulatekids.co.uk/speech-therapist-west-wickham/,1,38,2.63,12.2
https://articulatekids.co.uk/what-to-expect/,1,54,1.85,9.0
https://articulatekids.co.uk/articles/,0,16,0,7.1
https://articulatekids.co.uk/articulate-kids-5/,0,118,0,8.1
https://articulatekids.co.uk/blog/,0,37,0,16.2
https://articulatekids.co.uk/cart/,0,5,0,29.6
https://articulatekids.co.uk/category/language-development/,0,1,0,2
https://articulatekids.co.uk/category/speech-development/,0,2,0,18
https://articulatekids.co.uk/category/speech-therapy-tips/,0,1,0,11
https://articulatekids.co.uk/conditions-help/,0,3,0,5
https://articulatekids.co.uk/conditions-help/autism/,0,144,0,12.9
https://articulatekids.co.uk/conditions-help/early-years-late-talkers/,0,95,0,17.3
https://articulatekids.co.uk/connected-parent-pathway/,0,144,0,10.2
https://articulatekids.co.uk/course-login/,0,62,0,15.2
https://articulatekids.co.uk/courses/,0,1,0,1
https://articulatekids.co.uk/courses/the-connected-parent-pathway/lessons/18-24-months/,0,11,0,26.9
https://articulatekids.co.uk/courses/the-connected-parent-pathway/lessons/4-5-years/,0,40,0,14.7
https://articulatekids.co.uk/courses/the-connected-parent-pathway/lessons/6-8-years/,0,229,0,16.6
https://articulatekids.co.uk/courses/the-connected-parent-pathway/lessons/abc-behavior-tracker/,0,16,0,16.8
https://articulatekids.co.uk/courses/the-connected-parent-pathway/lessons/advocacy-scripts-practice-audio/,0,2,0,14
https://articulatekids.co.uk/courses/the-connected-parent-pathway/lessons/advocacy-tracking-toolkit/,0,1,0,9
https://articulatekids.co.uk/courses/the-connected-parent-pathway/lessons/calm-plan-pocket-card/,0,3,0,8
https://articulatekids.co.uk/courses/the-connected-parent-pathway/lessons/family-routine-scripts/,0,12,0,5
https://articulatekids.co.uk/courses/the-connected-parent-pathway/lessons/following-their-lead-audio-guide/,0,7,0,30
https://articulatekids.co.uk/courses/the-connected-parent-pathway/lessons/journey-reflection-journal/,0,13,0,19.9
https://articulatekids.co.uk/courses/the-connected-parent-pathway/lessons/moving-forward-roadmap/,0,1,0,10
https://articulatekids.co.uk/courses/the-connected-parent-pathway/lessons/one-page-child-profile-template/,0,7,0,8.3
https://articulatekids.co.uk/courses/the-connected-parent-pathway/lessons/repair-and-reconnection-guide/,0,12,0,10.6
https://articulatekids.co.uk/courses/the-connected-parent-pathway/lessons/routine-mapping-worksheet/,0,3,0,7
https://articulatekids.co.uk/courses/the-connected-parent-pathway/lessons/sensory-play-ideas/,0,7,0,32
https://articulatekids.co.uk/courses/the-connected-parent-pathway/lessons/staying-calm-in-the-storm-audio-guide/,0,5,0,70.6
https://articulatekids.co.uk/courses/the-connected-parent-pathway/lessons/three-types-of-connection-play/,0,70,0,10.8
https://articulatekids.co.uk/cpp-course,0,27,0,3.6
https://articulatekids.co.uk/cpp/,0,55,0,13.4
https://articulatekids.co.uk/groups/cohort-1/,0,2,0,6
https://articulatekids.co.uk/my-account-2/,0,6,0,5.5
https://articulatekids.co.uk/my-courses/?query-0-page=2&per_page=100&status=publish,0,4,0,49.5
https://articulatekids.co.uk/portfolio-category/business/,0,1,0,9
https://articulatekids.co.uk/portfolio/business-management/,0,15,0,16.5
https://articulatekids.co.uk/portfolio/instruction/,0,10,0,13.9
https://articulatekids.co.uk/portfolio/website-functional/,0,1,0,5
https://articulatekids.co.uk/privacy-policy/,0,29,0,11.2
https://articulatekids.co.uk/product-tag/communication/,0,11,0,17.6
https://articulatekids.co.uk/quizzes/final-assessment-your-connected-parent-journey/,0,10,0,30.1
https://articulatekids.co.uk/quizzes/module-1-assessment/,0,8,0,23.1
https://articulatekids.co.uk/quizzes/module-2-assessment-2/,0,1,0,5
https://articulatekids.co.uk/quizzes/module-2-assessment/,0,1,0,4
https://articulatekids.co.uk/registration/,0,3,0,3.7
https://articulatekids.co.uk/reset-password/,0,1,0,38
https://articulatekids.co.uk/service-terms/,0,11,0,5.1
https://articulatekids.co.uk/speech-therapist-greenwich/,0,7,0,8.4
https://articulatekids.co.uk/speech-therapy-for-toddlers-what-really-happens-a-parents-guide/,0,46,0,21.6
https://articulatekids.co.uk/tips-to-develop-a-brainy-chatty-baby/,0,6,0,43.3
https://articulatekids.co.uk/wp-content/uploads/2025/09/18-24-Months.pdf,0,23,0,8.9
https://articulatekids.co.uk/wp-content/uploads/2025/09/2-3-Years.pdf,0,77,0,21.2
https://articulatekids.co.uk/wp-content/uploads/2025/09/4-5-Years.pdf,0,64,0,24.2
https://articulatekids.co.uk/wp-content/uploads/2025/09/6-8-Years.pdf,0,335,0,29.5
https://articulatekids.co.uk/wp-content/uploads/2025/09/9-12-Years.pdf,0,5320,0,30.6
https://articulatekids.co.uk/wp-content/uploads/2025/09/Journey-Reflection-Journal.pdf,0,7,0,12.9
