query,clicks,impressions,ctr,position
hulya mehmet,1,2,50.0,8
4 years old,0,1,0,2
aba therapy,0,2,0,3.5
apraxia speech therapist near me,0,1,0,1
articulate public speaking for children & teens,0,1,0,15
articulate speech,0,10,0,14.9
articulate speech therapy,0,7,0,15
baby speech therapy,0,1,0,2
dttc speech therapy near me,0,1,0,1
ok,0,1,0,3
orpington citi kitchen,0,1,0,2
pathologist,0,1,0,15
private speech and language therapy for child near me,0,2,0,1
private speech and language therapy near me,0,2,0,1
private speech therapy for autism near me,0,1,0,1
speech and language assessment,0,1,0,10
speech and language therapist,0,2,0,3.5
speech and language therapist near me,0,8,0,3.1
speech and language therapy,0,10,0,2.3
speech and language therapy dartford,0,1,0,1
speech and language therapy for 2 year old,0,1,0,4
speech and language therapy kids,0,2,0,3
speech and language therapy near me,0,2,0,2
speech language therapy near me,0,1,0,2
speech lessons for kids,0,1,0,1
speech therapist bromley,0,1,0,2
speech therapist for children near me,0,1,0,2
speech therapist near me,0,1,0,2
speech therapist orpington,0,1,0,2
speech therapist petts wood,0,18,0,14.4
speech therapy,0,3,0,1.7
speech therapy clinic pain points appointment scheduling,0,1,0,16
speech therapy for autism near me,0,1,0,1
speech therapy for kids,0,1,0,2
speech therapy near me,0,1,0,2
yes please,0,1,0,4
