Keyword,Location,Labels,Google en-GB SERP Date,Google en-GB Rank,Google en-GB Change (vs previous date),Google en-GB URL,Google en-GB Search Volume Min,Google en-GB Search Volume Max,Google Mobile en-GB SERP Date,Google Mobile en-GB Rank,Google Mobile en-GB Change (vs previous date),Google Mobile en-GB URL,Google Mobile en-GB Search Volume Min,Google Mobile en-GB Search Volume Max
speech development of a 4 year old,United Kingdom,,2026-07-01,,,,,,2026-07-01,,,,,
three year old communication milestones,United Kingdom,,2026-07-01,,,,,,2026-07-01,,,,,
speech language 7 month,United Kingdom,,2026-07-01,,,,,,2026-07-01,,,,,
children's speech therapist,United Kingdom,,2026-07-01,11,7,https://articulatekids.co.uk/,,,2026-07-01,,> -4,,,
speech milestones,United Kingdom,,2026-07-01,,,,,,2026-07-01,,,,,
speech therapists,United Kingdom,,2026-07-01,,,,,,2026-07-01,,,,,
private speech and language therapist,United Kingdom,,2026-07-01,,,,,,2026-07-01,,,,,
podcasts speech language therapy,United Kingdom,,2026-07-01,,,,,,2026-07-01,,,,,
speach pathologist uk,United Kingdom,,2026-07-01,,,,,,2026-07-01,,,,,
speech therapist eltham,United Kingdom,,2026-07-01,3,2,https://articulatekids.co.uk/speech-therapist-london/,,,2026-07-01,5,-2,https://articulatekids.co.uk/speech-therapist-london/,,
specialiat in speaking,United Kingdom,,2026-07-01,,,,,,2026-07-01,,,,,
social communication disorder 2 year old,United Kingdom,,2026-07-01,,,,,,2026-07-01,,,,,
voice therapists near me,United Kingdom,,2026-07-01,,,,,,2026-07-01,,,,,
vocabulary 2 year old,United Kingdom,,2026-07-01,,,,,,2026-07-01,,,,,
children's speech and language therapy,United Kingdom,,2026-07-01,,,,,,2026-07-01,,,,,
speech therapy vacancies,United Kingdom,,2026-07-01,,,,,,2026-07-01,,,,,
oral motor exercises talk tools,United Kingdom,,2026-07-01,,,,,,2026-07-01,,,,,
speech problem selective mute,United Kingdom,,2026-07-01,,,,,,2026-07-01,,,,,
speech and language swansea orchard street,United Kingdom,,2026-07-01,,,,,,2026-07-01,,,,,
speech therapists role,United Kingdom,,2026-07-01,,,,,,2026-07-01,,,,,
adult speech and language therapy,United Kingdom,,2026-07-01,,,,,,2026-07-01,,,,,
speech and language assessment,United Kingdom,,2026-07-01,,,,,,2026-07-01,,,,,
how many words should a twelve month old say uk,United Kingdom,,2026-07-01,,,,,,2026-07-01,,,,,
speexh therapt assessment,United Kingdom,,2026-07-01,,,,,,2026-07-01,,,,,
speech-language pathologist,United Kingdom,,2026-07-01,,,,,,2026-07-01,,,,,
private speech and language therapy,United Kingdom,,2026-07-01,,,,,,2026-07-01,,,,,
day in life speech language therapist,United Kingdom,,2026-07-01,,,,,,2026-07-01,,,,,
speech therapist chislehurst,United Kingdom,,2026-07-01,1,0,https://articulatekids.co.uk/speech-therapist-chislehurst/,,,2026-07-01,1,0,https://articulatekids.co.uk/speech-therapist-chislehurst/,,
speech and language therapist jobs,United Kingdom,,2026-07-01,,,,,,2026-07-01,,,,,
typical language development at 18 months,United Kingdom,,2026-07-01,,,,,,2026-07-01,,,,,
when toddlers talk,United Kingdom,,2026-07-01,,,,,,2026-07-01,,,,,
speech and language therapist role,United Kingdom,,2026-07-01,,,,,,2026-07-01,,,,,
speech therapist beckenham,United Kingdom,,2026-07-01,3,-2,https://articulatekids.co.uk/speech-therapist-beckenham/,,,2026-07-01,1,0,https://articulatekids.co.uk/speech-therapist-beckenham/,,
speech therapy 4 kids,United Kingdom,,2026-07-01,8,-2,https://articulatekids.co.uk/,,,2026-07-01,8,-1,https://articulatekids.co.uk/,,
greenwich speech and language therapy,United Kingdom,,2026-07-01,,,,,,2026-07-01,,,,,
how much should a one year old speak,United Kingdom,,2026-07-01,,,,,,2026-07-01,,,,,
speech and language therapy edmonton green,United Kingdom,,2026-07-01,,,,,,2026-07-01,,,,,
specialist speech and language therapist,United Kingdom,,2026-07-01,,,,,,2026-07-01,,,,,
speech pathologists,United Kingdom,,2026-07-01,,,,,,2026-07-01,,,,,
how do speech and language therapists help,United Kingdom,,2026-07-01,,,,,,2026-07-01,,,,,
speech therapist,United Kingdom,,2026-07-01,,,,,,2026-07-01,,,,,
0-12 months communication development,United Kingdom,,2026-07-01,,,,,,2026-07-01,,,,,
speech therapist bromley,United Kingdom,,2026-07-01,2,0,https://articulatekids.co.uk/speech-therapist-bromley/,,,2026-07-01,2,0,https://articulatekids.co.uk/speech-therapist-bromley/,,
speech and language therapy london,United Kingdom,,2026-07-01,,,,,,2026-07-01,,,,,
what does a speech and language therapist do,United Kingdom,,2026-07-01,,,,,,2026-07-01,,,,,
speech therapist harley street,United Kingdom,,2026-07-01,9,-2,https://articulatekids.co.uk/speech-therapist-london/,,,2026-07-01,7,-1,https://articulatekids.co.uk/speech-therapist-london/,,
speech therapy for stuttering,United Kingdom,,2026-07-01,,,,,,2026-07-01,,,,,
speech therapy online uk,United Kingdom,,2026-07-01,,,,,,2026-07-01,,,,,
speech and language therapy near me,United Kingdom,,2026-07-01,,,,,,2026-07-01,,,,,
inclusive education speech and language therapy,United Kingdom,,2026-07-01,,,,,,2026-07-01,,,,,
toddler speech therapy,United Kingdom,,2026-07-01,,,,,,2026-07-01,,,,,
speech therapy for children,United Kingdom,,2026-07-01,18,-1,https://articulatekids.co.uk/,,,2026-07-01,12,> 9,https://articulatekids.co.uk/,,
speech therapy approach young adults,United Kingdom,,2026-07-01,,,,,,2026-07-01,,,,,
speech therapy uk,United Kingdom,,2026-07-01,,,,,,2026-07-01,,,,,
speech therapy for autism,United Kingdom,,2026-07-01,,,,,,2026-07-01,,,,,
how to get toddler express themselves,United Kingdom,,2026-07-01,,,,,,2026-07-01,,,,,
speech therapist orpington,United Kingdom,,2026-07-01,3,-2,https://articulatekids.co.uk/,,,2026-07-01,3,-2,https://articulatekids.co.uk/,,
speach language pathologist,United Kingdom,,2026-07-01,,,,,,2026-07-01,,,,,
linguistic ability of 2 year old,United Kingdom,,2026-07-01,,,,,,2026-07-01,,,,,
speech and language services,United Kingdom,,2026-07-01,,,,,,2026-07-01,,,,,
speech therapist west wickham,United Kingdom,,2026-07-01,1,0,https://articulatekids.co.uk/speech-therapist-west-wickham/,,,2026-07-01,1,0,https://articulatekids.co.uk/speech-therapist-west-wickham/,,
developmental guidelines speech in babies,United Kingdom,,2026-07-01,,,,,,2026-07-01,,,,,
larynx speech 6 months old,United Kingdom,,2026-07-01,,,,,,2026-07-01,,,,,
speech & language therapist,United Kingdom,,2026-07-01,,,,,,2026-07-01,,,,,
speech therapist petts wood,United Kingdom,,2026-07-01,1,0,https://articulatekids.co.uk/,,,2026-07-01,1,0,https://articulatekids.co.uk/,,
speach therapy for children,United Kingdom,,2026-07-01,18,-1,https://articulatekids.co.uk/,,,2026-07-01,17,0,https://articulatekids.co.uk/,,
intensive soeech theraphy cost,United Kingdom,,2026-07-01,,,,,,2026-07-01,,,,,
how to help asd children communicate,United Kingdom,,2026-07-01,,,,,,2026-07-01,,,,,
how many words shiukd a twenty month old say,United Kingdom,,2026-07-01,,,,,,2026-07-01,,,,,
speech therapy 4 kid's,United Kingdom,,2026-07-01,6,1,https://articulatekids.co.uk/,,,2026-07-01,8,-1,https://articulatekids.co.uk/,,
school speech and language therapist,United Kingdom,,2026-07-01,,,,,,2026-07-01,,,,,
speech for 11 month old,United Kingdom,,2026-07-01,,,,,,2026-07-01,,,,,
speech therapy for kids,United Kingdom,,2026-07-01,8,> 13,https://articulatekids.co.uk/,,,2026-07-01,8,2,https://articulatekids.co.uk/,,
private speech and language therapy near me,United Kingdom,,2026-07-01,,,,,,2026-07-01,,,,,
earliest children join two words,United Kingdom,,2026-07-01,,,,,,2026-07-01,,,,,
speech and language therapy enfield,United Kingdom,,2026-07-01,,,,,,2026-07-01,,,,,
private speech therapy,United Kingdom,,2026-07-01,,> -16,,,,2026-07-01,,,,,
speaking to 2 year olds,United Kingdom,,2026-07-01,,,,,,2026-07-01,,,,,
toddler speech milestones,United Kingdom,,2026-07-01,,,,,,2026-07-01,,,,,
early years speech and language newham,United Kingdom,,2026-07-01,,,,,,2026-07-01,,,,,
child speech therapist,United Kingdom,,2026-07-01,,> -7,,,,2026-07-01,9,2,https://articulatekids.co.uk/,,
speech therapist for kids,United Kingdom,,2026-07-01,7,9,https://articulatekids.co.uk/,,,2026-07-01,8,7,https://articulatekids.co.uk/,,
speach therapy,United Kingdom,,2026-07-01,,,,,,2026-07-01,,,,,
speech and language therapist int,United Kingdom,,2026-07-01,,,,,,2026-07-01,,,,,
private speech therapy cost,United Kingdom,,2026-07-01,,,,,,2026-07-01,,,,,
what does a 2 yearvold says,United Kingdom,,2026-07-01,,,,,,2026-07-01,,,,,
what should a 2 and a half year old be saying,United Kingdom,,2026-07-01,,,,,,2026-07-01,,,,,
what happens in a speech and language assessment,United Kingdom,,2026-07-01,,,,,,2026-07-01,,,,,
speech issues under 5 nice guidace,United Kingdom,,2026-07-01,,,,,,2026-07-01,,,,,
what causes stammers,United Kingdom,,2026-07-01,,,,,,2026-07-01,,,,,
signs of bullying,United Kingdom,,2026-07-01,,,,,,2026-07-01,,,,,
speech development records,United Kingdom,,2026-07-01,,,,,,2026-07-01,,,,,
speech therapy london,United Kingdom,,2026-07-01,,,,,,2026-07-01,,,,,
private speech therapy cost near me,United Kingdom,,2026-07-01,,,,,,2026-07-01,,,,,
speech therapy with teenagers,United Kingdom,,2026-07-01,18,> 3,https://articulatekids.co.uk/,,,2026-07-01,16,0,https://articulatekids.co.uk/,,
autism therapy london,United Kingdom,,2026-07-01,,,,,,2026-07-01,,,,,
speech and language therapy swansea orchard street,United Kingdom,,2026-07-01,,,,,,2026-07-01,,,,,
speech therapist lewisham,United Kingdom,,2026-07-01,,,,,,2026-07-01,,,,,
professionalspeech therapy for kids,United Kingdom,,2026-07-01,,> -7,,,,2026-07-01,,> -7,,,
speech and language therapists,United Kingdom,,2026-07-01,,,,,,2026-07-01,,,,,
private speech therapy rotherham,United Kingdom,,2026-07-01,,,,,,2026-07-01,,,,,
how to spot a bully,United Kingdom,,2026-07-01,,,,,,2026-07-01,,,,,
london speech therapy,United Kingdom,,2026-07-01,,,,,,2026-07-01,,,,,
speech therapy children,United Kingdom,,2026-07-01,,,,,,2026-07-01,,> -5,,,
what causes stammering,United Kingdom,,2026-07-01,,,,,,2026-07-01,,,,,
speech and language therapist uk,United Kingdom,,2026-07-01,,,,,,2026-07-01,,,,,
speech expectations for 2 year old,United Kingdom,,2026-07-01,,,,,,2026-07-01,,,,,
speech therapist for 2 year old,United Kingdom,,2026-07-01,,> -15,,,,2026-07-01,,> -7,,,
speech therapy,United Kingdom,,2026-07-01,,,,,,2026-07-01,,,,,
counsellor and speech and language therapy,United Kingdom,,2026-07-01,,,,,,2026-07-01,,,,,
speech therapy clinic,United Kingdom,,2026-07-01,,,,,,2026-07-01,,,,,
what type of speech should my 8 months,United Kingdom,,2026-07-01,,,,,,2026-07-01,,,,,
what is speech therapy,United Kingdom,,2026-07-01,,,,,,2026-07-01,,,,,
what helps speech and language development,United Kingdom,,2026-07-01,,,,,,2026-07-01,,,,,
speech therapy assessment,United Kingdom,,2026-07-01,,,,,,2026-07-01,,,,,
speech therapy for toddlers,United Kingdom,,2026-07-01,,,,,,2026-07-01,,,,,
teacher children and slt,United Kingdom,,2026-07-01,,,,,,2026-07-01,,,,,
how many words can a one year old say uk,United Kingdom,,2026-07-01,,,,,,2026-07-01,,,,,
speech therapy essex,United Kingdom,,2026-07-01,,,,,,2026-07-01,,,,,
find a speech and language therapist,United Kingdom,,2026-07-01,,,,,,2026-07-01,,,,,
how much does a three year old talk,United Kingdom,,2026-07-01,,,,,,2026-07-01,16,> 5,https://articulatekids.co.uk/when-should-my-child-start-talking-age-by-age-speech-milestones/,,
speech and language therapist,United Kingdom,,2026-07-01,,,,,,2026-07-01,,,,,
speech and language therapy clinic,United Kingdom,,2026-07-01,,,,,,2026-07-01,,,,,
when do infants recognize small sound,United Kingdom,,2026-07-01,,,,,,2026-07-01,,,,,
toddler talking milestones,United Kingdom,,2026-07-01,,,,,,2026-07-01,,,,,
how old speech and language therapy for toddlers,United Kingdom,,2026-07-01,,,,,,2026-07-01,,,,,
what do speech and language therapists do,United Kingdom,,2026-07-01,,,,,,2026-07-01,,,,,
language therapy,United Kingdom,,2026-07-01,,,,,,2026-07-01,,,,,
speech language pathologist,United Kingdom,,2026-07-01,,,,,,2026-07-01,,,,,
speech and language therapy private,United Kingdom,,2026-07-01,,,,,,2026-07-01,,,,,
should children be talking at 2 years,United Kingdom,,2026-07-01,13,> 8,https://articulatekids.co.uk/when-should-my-child-start-talking-age-by-age-speech-milestones/,,,2026-07-01,14,> 7,https://articulatekids.co.uk/when-should-my-child-start-talking-age-by-age-speech-milestones/,,
speech ans language therapy,United Kingdom,,2026-07-01,,,,,,2026-07-01,,,,,
speech therapist bexley,United Kingdom,,2026-07-01,3,0,https://articulatekids.co.uk/speech-therapist-bexley/,,,2026-07-01,3,0,https://articulatekids.co.uk/speech-therapist-bexley/,,
private speech therapy for toddlers,United Kingdom,,2026-07-01,,> -7,,,,2026-07-01,,> -8,,,
how tecnology can help kids in counselling,United Kingdom,,2026-07-01,,,,,,2026-07-01,,,,,
child speech therapy,United Kingdom,,2026-07-01,,,,,,2026-07-01,12,> 9,https://articulatekids.co.uk/,,
private slt jobs,United Kingdom,,2026-07-01,,,,,,2026-07-01,,,,,
speech therapist greenwich,United Kingdom,,2026-07-01,,,,,,2026-07-01,,,,,
speech therapist london,United Kingdom,,2026-07-01,,,,,,2026-07-01,,,,,
what helps.speech and language doagnose autism,United Kingdom,,2026-07-01,,,,,,2026-07-01,,,,,
what cant my child talk,United Kingdom,,2026-07-01,,,,,,2026-07-01,,,,,
speech therapist jobs,United Kingdom,,2026-07-01,,,,,,2026-07-01,,,,,
nearest speech and language therapist,United Kingdom,,2026-07-01,,,,,,2026-07-01,,,,,
private speech therapist,United Kingdom,,2026-07-01,,,,,,2026-07-01,,> -4,,,
speech and language how to do core vocabulary,United Kingdom,,2026-07-01,,,,,,2026-07-01,,,,,
speech difficulty kids how to call,United Kingdom,,2026-07-01,,,,,,2026-07-01,,,,,
speech therapist croydon,United Kingdom,,2026-07-01,,,,,,2026-07-01,,,,,
speech and language therapy kids,United Kingdom,,2026-07-01,,,,,,2026-07-01,,,,,
speech coach london,United Kingdom,,2026-07-01,,,,,,2026-07-01,,,,,
kids speech therapy near me,United Kingdom,,2026-07-01,,,,,,2026-07-01,16,> 5,https://articulatekids.co.uk/speech-therapist-london/,,
speech therapist primary school,United Kingdom,,2026-07-01,,,,,,2026-07-01,,,,,
speech therapy resources,United Kingdom,,2026-07-01,,,,,,2026-07-01,,,,,
speech language pathologist uk,United Kingdom,,2026-07-01,,,,,,2026-07-01,,,,,
private speech therapy london,United Kingdom,,2026-07-01,,,,,,2026-07-01,,,,,
roles of speech and language therapist,United Kingdom,,2026-07-01,,,,,,2026-07-01,,,,,
online speech therapy,United Kingdom,,2026-07-01,,,,,,2026-07-01,,,,,
speech therapist autism,United Kingdom,,2026-07-01,,,,,,2026-07-01,,,,,
speech and language therapist near me,United Kingdom,,2026-07-01,,,,,,2026-07-01,,,,,
intensive soeech theraphy cost uk,United Kingdom,,2026-07-01,,,,,,2026-07-01,,> -4,,,
speech therapist sidcup,United Kingdom,,2026-07-01,1,0,https://articulatekids.co.uk/speech-therapist-sidcup/,,,2026-07-01,1,0,https://articulatekids.co.uk/speech-therapist-sidcup/,,
speech and language therapy,United Kingdom,,2026-07-01,,,,,,2026-07-01,,,,,
independent speech and language therapy,United Kingdom,,2026-07-01,,,,,,2026-07-01,,,,,
speech development of a 4 year old,United Kingdom,,2026-06-01,,,,,,2026-06-01,,,,,
three year old communication milestones,United Kingdom,,2026-06-01,,,,,,2026-06-01,,,,,
speech language 7 month,United Kingdom,,2026-06-01,,,,,,2026-06-01,,,,,
children's speech therapist,United Kingdom,,2026-06-01,18,> 3,https://articulatekids.co.uk/,,,2026-06-01,17,> 4,https://articulatekids.co.uk/,,
speech milestones,United Kingdom,,2026-06-01,,,,,,2026-06-01,,,,,
speech therapists,United Kingdom,,2026-06-01,,,,,,2026-06-01,,,,,
private speech and language therapist,United Kingdom,,2026-06-01,,,,,,2026-06-01,,,,,
podcasts speech language therapy,United Kingdom,,2026-06-01,,,,,,2026-06-01,,,,,
speach pathologist uk,United Kingdom,,2026-06-01,,,,,,2026-06-01,,,,,
speech therapist eltham,United Kingdom,,2026-06-01,5,-1,https://articulatekids.co.uk/speech-therapist-sidcup/,,,2026-06-01,3,0,https://articulatekids.co.uk/speech-therapist-sidcup/,,
specialiat in speaking,United Kingdom,,2026-06-01,,,,,,2026-06-01,,,,,
social communication disorder 2 year old,United Kingdom,,2026-06-01,,,,,,2026-06-01,,,,,
voice therapists near me,United Kingdom,,2026-06-01,,,,,,2026-06-01,,,,,
vocabulary 2 year old,United Kingdom,,2026-06-01,,,,,,2026-06-01,,,,,
children's speech and language therapy,United Kingdom,,2026-06-01,,,,,,2026-06-01,,,,,
speech therapy vacancies,United Kingdom,,2026-06-01,,,,,,2026-06-01,,,,,
oral motor exercises talk tools,United Kingdom,,2026-06-01,,,,,,2026-06-01,,,,,
speech problem selective mute,United Kingdom,,2026-06-01,,,,,,2026-06-01,,,,,
speech and language swansea orchard street,United Kingdom,,2026-06-01,,,,,,2026-06-01,,,,,
speech therapists role,United Kingdom,,2026-06-01,,,,,,2026-06-01,,,,,
adult speech and language therapy,United Kingdom,,2026-06-01,,,,,,2026-06-01,,,,,
speech and language assessment,United Kingdom,,2026-06-01,,,,,,2026-06-01,,,,,
how many words should a twelve month old say uk,United Kingdom,,2026-06-01,,,,,,2026-06-01,,,,,
speexh therapt assessment,United Kingdom,,2026-06-01,,,,,,2026-06-01,,,,,
speech-language pathologist,United Kingdom,,2026-06-01,,,,,,2026-06-01,,,,,
private speech and language therapy,United Kingdom,,2026-06-01,,,,,,2026-06-01,,,,,
day in life speech language therapist,United Kingdom,,2026-06-01,,,,,,2026-06-01,,,,,
speech therapist chislehurst,United Kingdom,,2026-06-01,1,0,https://articulatekids.co.uk/speech-therapist-chislehurst/,,,2026-06-01,1,0,https://articulatekids.co.uk/speech-therapist-chislehurst/,,
speech and language therapist jobs,United Kingdom,,2026-06-01,,,,,,2026-06-01,,,,,
typical language development at 18 months,United Kingdom,,2026-06-01,,,,,,2026-06-01,,,,,
when toddlers talk,United Kingdom,,2026-06-01,,,,,,2026-06-01,,,,,
speech and language therapist role,United Kingdom,,2026-06-01,,,,,,2026-06-01,,,,,
speech therapist beckenham,United Kingdom,,2026-06-01,1,1,https://articulatekids.co.uk/speech-therapist-beckenham/,,,2026-06-01,1,2,https://articulatekids.co.uk/speech-therapist-beckenham/,,
speech therapy 4 kids,United Kingdom,,2026-06-01,6,8,https://articulatekids.co.uk/,,,2026-06-01,7,> 14,https://articulatekids.co.uk/,,
greenwich speech and language therapy,United Kingdom,,2026-06-01,,,,,,2026-06-01,,,,,
how much should a one year old speak,United Kingdom,,2026-06-01,,,,,,2026-06-01,,,,,
speech and language therapy edmonton green,United Kingdom,,2026-06-01,,,,,,2026-06-01,,,,,
specialist speech and language therapist,United Kingdom,,2026-06-01,,,,,,2026-06-01,,,,,
speech pathologists,United Kingdom,,2026-06-01,,,,,,2026-06-01,,,,,
how do speech and language therapists help,United Kingdom,,2026-06-01,,,,,,2026-06-01,,,,,
speech therapist,United Kingdom,,2026-06-01,,,,,,2026-06-01,,,,,
0-12 months communication development,United Kingdom,,2026-06-01,,,,,,2026-06-01,,,,,
speech therapist bromley,United Kingdom,,2026-06-01,2,4,https://articulatekids.co.uk/speech-therapist-bromley/,,,2026-06-01,2,4,https://articulatekids.co.uk/speech-therapist-bromley/,,
speech and language therapy london,United Kingdom,,2026-06-01,,,,,,2026-06-01,,,,,
what does a speech and language therapist do,United Kingdom,,2026-06-01,,,,,,2026-06-01,,,,,
speech therapist harley street,United Kingdom,,2026-06-01,7,-1,https://articulatekids.co.uk/speech-therapist-london/,,,2026-06-01,6,-1,https://articulatekids.co.uk/speech-therapist-london/,,
speech therapy for stuttering,United Kingdom,,2026-06-01,,,,,,2026-06-01,,,,,
speech therapy online uk,United Kingdom,,2026-06-01,,,,,,2026-06-01,,,,,
speech and language therapy near me,United Kingdom,,2026-06-01,,,,,,2026-06-01,,,,,
inclusive education speech and language therapy,United Kingdom,,2026-06-01,,,,,,2026-06-01,,,,,
toddler speech therapy,United Kingdom,,2026-06-01,,> -4,,,,2026-06-01,,> -3,,,
speech therapy for children,United Kingdom,,2026-06-01,17,> 4,https://articulatekids.co.uk/,,,2026-06-01,,,,,
speech therapy approach young adults,United Kingdom,,2026-06-01,,,,,,2026-06-01,,,,,
speech therapy uk,United Kingdom,,2026-06-01,,,,,,2026-06-01,,,,,
speech therapy for autism,United Kingdom,,2026-06-01,,,,,,2026-06-01,,,,,
how to get toddler express themselves,United Kingdom,,2026-06-01,,,,,,2026-06-01,,,,,
speech therapist orpington,United Kingdom,,2026-06-01,1,2,https://articulatekids.co.uk/speech-therapist-orpington/,,,2026-06-01,1,2,https://articulatekids.co.uk/speech-therapist-orpington/,,
speach language pathologist,United Kingdom,,2026-06-01,,,,,,2026-06-01,,,,,
linguistic ability of 2 year old,United Kingdom,,2026-06-01,,,,,,2026-06-01,,,,,
speech and language services,United Kingdom,,2026-06-01,,,,,,2026-06-01,,,,,
speech therapist west wickham,United Kingdom,,2026-06-01,1,0,https://articulatekids.co.uk/speech-therapist-west-wickham/,,,2026-06-01,1,0,https://articulatekids.co.uk/speech-therapist-west-wickham/,,
developmental guidelines speech in babies,United Kingdom,,2026-06-01,,,,,,2026-06-01,,,,,
larynx speech 6 months old,United Kingdom,,2026-06-01,,,,,,2026-06-01,,,,,
speech & language therapist,United Kingdom,,2026-06-01,,,,,,2026-06-01,,,,,
speech therapist petts wood,United Kingdom,,2026-06-01,1,0,https://articulatekids.co.uk/speech-therapist-petts-wood/,,,2026-06-01,1,0,https://articulatekids.co.uk/speech-therapist-petts-wood/,,
speach therapy for children,United Kingdom,,2026-06-01,17,> 4,https://articulatekids.co.uk/,,,2026-06-01,17,> 4,https://articulatekids.co.uk/,,
intensive soeech theraphy cost,United Kingdom,,2026-06-01,,> -4,,,,2026-06-01,,> -4,,,
how to help asd children communicate,United Kingdom,,2026-06-01,,,,,,2026-06-01,,,,,
how many words shiukd a twenty month old say,United Kingdom,,2026-06-01,,,,,,2026-06-01,,,,,
speech therapy 4 kid's,United Kingdom,,2026-06-01,7,> 14,https://articulatekids.co.uk/,,,2026-06-01,7,13,https://articulatekids.co.uk/,,
school speech and language therapist,United Kingdom,,2026-06-01,,,,,,2026-06-01,,,,,
speech for 11 month old,United Kingdom,,2026-06-01,,,,,,2026-06-01,,,,,
speech therapy for kids,United Kingdom,,2026-06-01,,,,,,2026-06-01,10,> 11,https://articulatekids.co.uk/,,
private speech and language therapy near me,United Kingdom,,2026-06-01,,,,,,2026-06-01,,,,,
earliest children join two words,United Kingdom,,2026-06-01,,,,,,2026-06-01,,,,,
speech and language therapy enfield,United Kingdom,,2026-06-01,,,,,,2026-06-01,,,,,
private speech therapy,United Kingdom,,2026-06-01,5,11,https://articulatekids.co.uk/,,,2026-06-01,,> -17,,,
speaking to 2 year olds,United Kingdom,,2026-06-01,,,,,,2026-06-01,,,,,
toddler speech milestones,United Kingdom,,2026-06-01,,,,,,2026-06-01,,,,,
early years speech and language newham,United Kingdom,,2026-06-01,,,,,,2026-06-01,,,,,
child speech therapist,United Kingdom,,2026-06-01,14,> 7,https://articulatekids.co.uk/,,,2026-06-01,11,> 10,https://articulatekids.co.uk/,,
speech therapist for kids,United Kingdom,,2026-06-01,16,> 5,https://articulatekids.co.uk/,,,2026-06-01,15,> 6,https://articulatekids.co.uk/,,
speach therapy,United Kingdom,,2026-06-01,,,,,,2026-06-01,,,,,
speech and language therapist int,United Kingdom,,2026-06-01,,,,,,2026-06-01,,,,,
private speech therapy cost,United Kingdom,,2026-06-01,,,,,,2026-06-01,,,,,
what does a 2 yearvold says,United Kingdom,,2026-06-01,,,,,,2026-06-01,,,,,
what should a 2 and a half year old be saying,United Kingdom,,2026-06-01,,,,,,2026-06-01,,,,,
what happens in a speech and language assessment,United Kingdom,,2026-06-01,,,,,,2026-06-01,,,,,
speech issues under 5 nice guidace,United Kingdom,,2026-06-01,,,,,,2026-06-01,,,,,
what causes stammers,United Kingdom,,2026-06-01,,,,,,2026-06-01,,,,,
signs of bullying,United Kingdom,,2026-06-01,,,,,,2026-06-01,,,,,
speech development records,United Kingdom,,2026-06-01,,,,,,2026-06-01,,,,,
speech therapy london,United Kingdom,,2026-06-01,,,,,,2026-06-01,,,,,
private speech therapy cost near me,United Kingdom,,2026-06-01,,> -4,,,,2026-06-01,,> -6,,,
speech therapy with teenagers,United Kingdom,,2026-06-01,,,,,,2026-06-01,16,> 5,https://articulatekids.co.uk/,,
autism therapy london,United Kingdom,,2026-06-01,,,,,,2026-06-01,,,,,
speech and language therapy swansea orchard street,United Kingdom,,2026-06-01,,,,,,2026-06-01,,,,,
speech therapist lewisham,United Kingdom,,2026-06-01,,> -4,,,,2026-06-01,,> -4,,,
professionalspeech therapy for kids,United Kingdom,,2026-06-01,14,> 7,https://articulatekids.co.uk/,,,2026-06-01,14,> 7,https://articulatekids.co.uk/,,
speech and language therapists,United Kingdom,,2026-06-01,,,,,,2026-06-01,,,,,
private speech therapy rotherham,United Kingdom,,2026-06-01,,,,,,2026-06-01,,,,,
how to spot a bully,United Kingdom,,2026-06-01,,,,,,2026-06-01,,,,,
london speech therapy,United Kingdom,,2026-06-01,,,,,,2026-06-01,,,,,
speech therapy children,United Kingdom,,2026-06-01,,,,,,2026-06-01,16,> 5,https://articulatekids.co.uk/,,
what causes stammering,United Kingdom,,2026-06-01,,,,,,2026-06-01,,,,,
speech and language therapist uk,United Kingdom,,2026-06-01,,,,,,2026-06-01,,,,,
speech expectations for 2 year old,United Kingdom,,2026-06-01,,,,,,2026-06-01,,,,,
speech therapist for 2 year old,United Kingdom,,2026-06-01,6,> 15,https://articulatekids.co.uk/,,,2026-06-01,14,> 7,https://articulatekids.co.uk/,,
speech therapy,United Kingdom,,2026-06-01,,,,,,2026-06-01,,,,,
counsellor and speech and language therapy,United Kingdom,,2026-06-01,,,,,,2026-06-01,,,,,
speech therapy clinic,United Kingdom,,2026-06-01,,,,,,2026-06-01,,,,,
what type of speech should my 8 months,United Kingdom,,2026-06-01,,,,,,2026-06-01,,,,,
what is speech therapy,United Kingdom,,2026-06-01,,,,,,2026-06-01,,,,,
what helps speech and language development,United Kingdom,,2026-06-01,,,,,,2026-06-01,,,,,
speech therapy assessment,United Kingdom,,2026-06-01,,,,,,2026-06-01,,,,,
speech therapy for toddlers,United Kingdom,,2026-06-01,,,,,,2026-06-01,,,,,
teacher children and slt,United Kingdom,,2026-06-01,,,,,,2026-06-01,,,,,
how many words can a one year old say uk,United Kingdom,,2026-06-01,,,,,,2026-06-01,,,,,
speech therapy essex,United Kingdom,,2026-06-01,,,,,,2026-06-01,,,,,
find a speech and language therapist,United Kingdom,,2026-06-01,,,,,,2026-06-01,,,,,
how much does a three year old talk,United Kingdom,,2026-06-01,,,,,,2026-06-01,,,,,
speech and language therapist,United Kingdom,,2026-06-01,,,,,,2026-06-01,,,,,
speech and language therapy clinic,United Kingdom,,2026-06-01,,,,,,2026-06-01,,,,,
when do infants recognize small sound,United Kingdom,,2026-06-01,,,,,,2026-06-01,,,,,
toddler talking milestones,United Kingdom,,2026-06-01,,,,,,2026-06-01,,,,,
how old speech and language therapy for toddlers,United Kingdom,,2026-06-01,,,,,,2026-06-01,,,,,
what do speech and language therapists do,United Kingdom,,2026-06-01,,,,,,2026-06-01,,,,,
language therapy,United Kingdom,,2026-06-01,,,,,,2026-06-01,,,,,
speech language pathologist,United Kingdom,,2026-06-01,,,,,,2026-06-01,,,,,
speech and language therapy private,United Kingdom,,2026-06-01,,,,,,2026-06-01,,,,,
should children be talking at 2 years,United Kingdom,,2026-06-01,,,,,,2026-06-01,,,,,
speech ans language therapy,United Kingdom,,2026-06-01,,,,,,2026-06-01,,,,,
speech therapist bexley,United Kingdom,,2026-06-01,3,0,https://articulatekids.co.uk/speech-therapist-bexley/,,,2026-06-01,3,0,https://articulatekids.co.uk/speech-therapist-bexley/,,
private speech therapy for toddlers,United Kingdom,,2026-06-01,14,4,https://articulatekids.co.uk/,,,2026-06-01,13,3,https://articulatekids.co.uk/,,
how tecnology can help kids in counselling,United Kingdom,,2026-06-01,,,,,,2026-06-01,,,,,
child speech therapy,United Kingdom,,2026-06-01,,> -2,,,,2026-06-01,,,,,
private slt jobs,United Kingdom,,2026-06-01,,,,,,2026-06-01,,,,,
speech therapist greenwich,United Kingdom,,2026-06-01,,> -7,,,,2026-06-01,,> -7,,,
speech therapist london,United Kingdom,,2026-06-01,,,,,,2026-06-01,,,,,
what helps.speech and language doagnose autism,United Kingdom,,2026-06-01,,,,,,2026-06-01,,,,,
what cant my child talk,United Kingdom,,2026-06-01,,> -7,,,,2026-06-01,,> -7,,,
speech therapist jobs,United Kingdom,,2026-06-01,,,,,,2026-06-01,,,,,
nearest speech and language therapist,United Kingdom,,2026-06-01,,,,,,2026-06-01,,,,,
private speech therapist,United Kingdom,,2026-06-01,,,,,,2026-06-01,17,> 4,https://articulatekids.co.uk/,,
speech and language how to do core vocabulary,United Kingdom,,2026-06-01,,,,,,2026-06-01,,,,,
speech difficulty kids how to call,United Kingdom,,2026-06-01,,,,,,2026-06-01,,,,,
speech therapist croydon,United Kingdom,,2026-06-01,,,,,,2026-06-01,,,,,
speech and language therapy kids,United Kingdom,,2026-06-01,,,,,,2026-06-01,,,,,
speech coach london,United Kingdom,,2026-06-01,,,,,,2026-06-01,,,,,
kids speech therapy near me,United Kingdom,,2026-06-01,,,,,,2026-06-01,,,,,
speech therapist primary school,United Kingdom,,2026-06-01,,,,,,2026-06-01,,,,,
speech therapy resources,United Kingdom,,2026-06-01,,,,,,2026-06-01,,,,,
speech language pathologist uk,United Kingdom,,2026-06-01,,,,,,2026-06-01,,,,,
private speech therapy london,United Kingdom,,2026-06-01,,,,,,2026-06-01,,,,,
roles of speech and language therapist,United Kingdom,,2026-06-01,,,,,,2026-06-01,,,,,
online speech therapy,United Kingdom,,2026-06-01,,,,,,2026-06-01,,,,,
speech therapist autism,United Kingdom,,2026-06-01,,,,,,2026-06-01,,,,,
speech and language therapist near me,United Kingdom,,2026-06-01,,,,,,2026-06-01,,,,,
intensive soeech theraphy cost uk,United Kingdom,,2026-06-01,,> -4,,,,2026-06-01,17,0,https://articulatekids.co.uk/speech-therapist-london/,,
speech therapist sidcup,United Kingdom,,2026-06-01,1,0,https://articulatekids.co.uk/speech-therapist-sidcup/,,,2026-06-01,1,1,https://articulatekids.co.uk/speech-therapist-sidcup/,,
speech and language therapy,United Kingdom,,2026-06-01,,,,,,2026-06-01,,,,,
independent speech and language therapy,United Kingdom,,2026-06-01,,,,,,2026-06-01,,,,,
speech development of a 4 year old,United Kingdom,,2026-05-01,,,,,,2026-05-01,,,,,
three year old communication milestones,United Kingdom,,2026-05-01,,,,,,2026-05-01,,,,,
speech language 7 month,United Kingdom,,2026-05-01,,,,,,2026-05-01,,,,,
children's speech therapist,United Kingdom,,2026-05-01,,> -4,,,,2026-05-01,,> -6,,,
speech milestones,United Kingdom,,2026-05-01,,,,,,2026-05-01,,,,,
speech therapists,United Kingdom,,2026-05-01,,,,,,2026-05-01,,,,,
private speech and language therapist,United Kingdom,,2026-05-01,,,,,,2026-05-01,,,,,
podcasts speech language therapy,United Kingdom,,2026-05-01,,,,,,2026-05-01,,,,,
speach pathologist uk,United Kingdom,,2026-05-01,,,,,,2026-05-01,,,,,
speech therapist eltham,United Kingdom,,2026-05-01,4,0,https://articulatekids.co.uk/speech-therapist-london/,,,2026-05-01,3,0,https://articulatekids.co.uk/speech-therapist-sidcup/,,
specialiat in speaking,United Kingdom,,2026-05-01,,,,,,2026-05-01,,,,,
social communication disorder 2 year old,United Kingdom,,2026-05-01,,,,,,2026-05-01,,,,,
voice therapists near me,United Kingdom,,2026-05-01,,,,,,2026-05-01,,,,,
vocabulary 2 year old,United Kingdom,,2026-05-01,,,,,,2026-05-01,,,,,
children's speech and language therapy,United Kingdom,,2026-05-01,,,,,,2026-05-01,,,,,
speech therapy vacancies,United Kingdom,,2026-05-01,,,,,,2026-05-01,,,,,
oral motor exercises talk tools,United Kingdom,,2026-05-01,,,,,,2026-05-01,,,,,
speech problem selective mute,United Kingdom,,2026-05-01,,,,,,2026-05-01,,,,,
speech and language swansea orchard street,United Kingdom,,2026-05-01,,,,,,2026-05-01,,,,,
speech therapists role,United Kingdom,,2026-05-01,,,,,,2026-05-01,,,,,
adult speech and language therapy,United Kingdom,,2026-05-01,,,,,,2026-05-01,,,,,
speech and language assessment,United Kingdom,,2026-05-01,,,,,,2026-05-01,,,,,
how many words should a twelve month old say uk,United Kingdom,,2026-05-01,,,,,,2026-05-01,,,,,
speexh therapt assessment,United Kingdom,,2026-05-01,,,,,,2026-05-01,,,,,
speech-language pathologist,United Kingdom,,2026-05-01,,,,,,2026-05-01,,,,,
private speech and language therapy,United Kingdom,,2026-05-01,,,,,,2026-05-01,,,,,
day in life speech language therapist,United Kingdom,,2026-05-01,,,,,,2026-05-01,,,,,
speech therapist chislehurst,United Kingdom,,2026-05-01,1,0,https://articulatekids.co.uk/speech-therapist-chislehurst/,,,2026-05-01,1,0,https://articulatekids.co.uk/speech-therapist-chislehurst/,,
speech and language therapist jobs,United Kingdom,,2026-05-01,,,,,,2026-05-01,,,,,
typical language development at 18 months,United Kingdom,,2026-05-01,,,,,,2026-05-01,,,,,
when toddlers talk,United Kingdom,,2026-05-01,,,,,,2026-05-01,,,,,
speech and language therapist role,United Kingdom,,2026-05-01,,,,,,2026-05-01,,,,,
speech therapist beckenham,United Kingdom,,2026-05-01,2,4,https://articulatekids.co.uk/speech-therapist-beckenham/,,,2026-05-01,3,6,https://articulatekids.co.uk/speech-therapist-beckenham/,,
speech therapy 4 kids,United Kingdom,,2026-05-01,14,> 7,https://articulatekids.co.uk/,,,2026-05-01,,,,,
greenwich speech and language therapy,United Kingdom,,2026-05-01,,,,,,2026-05-01,,,,,
how much should a one year old speak,United Kingdom,,2026-05-01,,,,,,2026-05-01,,,,,
speech and language therapy edmonton green,United Kingdom,,2026-05-01,,,,,,2026-05-01,,,,,
specialist speech and language therapist,United Kingdom,,2026-05-01,,,,,,2026-05-01,,,,,
speech pathologists,United Kingdom,,2026-05-01,,,,,,2026-05-01,,,,,
how do speech and language therapists help,United Kingdom,,2026-05-01,,,,,,2026-05-01,,,,,
speech therapist,United Kingdom,,2026-05-01,,,,,,2026-05-01,,,,,
0-12 months communication development,United Kingdom,,2026-05-01,,,,,,2026-05-01,,,,,
speech therapist bromley,United Kingdom,,2026-05-01,6,-1,https://articulatekids.co.uk/speech-therapist-bromley/,,,2026-05-01,6,0,https://articulatekids.co.uk/speech-therapist-bromley/,,
speech and language therapy london,United Kingdom,,2026-05-01,,,,,,2026-05-01,,,,,
what does a speech and language therapist do,United Kingdom,,2026-05-01,,,,,,2026-05-01,,,,,
speech therapist harley street,United Kingdom,,2026-05-01,6,2,https://articulatekids.co.uk/speech-therapist-london/,,,2026-05-01,5,3,https://articulatekids.co.uk/speech-therapist-london/,,
speech therapy for stuttering,United Kingdom,,2026-05-01,,,,,,2026-05-01,,,,,
speech therapy online uk,United Kingdom,,2026-05-01,,,,,,2026-05-01,,,,,
speech and language therapy near me,United Kingdom,,2026-05-01,,,,,,2026-05-01,,,,,
inclusive education speech and language therapy,United Kingdom,,2026-05-01,,,,,,2026-05-01,,,,,
toddler speech therapy,United Kingdom,,2026-05-01,17,> 4,https://articulatekids.co.uk/,,,2026-05-01,18,> 3,https://articulatekids.co.uk/,,
speech therapy for children,United Kingdom,,2026-05-01,,,,,,2026-05-01,,,,,
speech therapy approach young adults,United Kingdom,,2026-05-01,,,,,,2026-05-01,,,,,
speech therapy uk,United Kingdom,,2026-05-01,,,,,,2026-05-01,,,,,
speech therapy for autism,United Kingdom,,2026-05-01,,,,,,2026-05-01,,,,,
how to get toddler express themselves,United Kingdom,,2026-05-01,,,,,,2026-05-01,,,,,
speech therapist orpington,United Kingdom,,2026-05-01,3,-1,https://articulatekids.co.uk/,,,2026-05-01,3,-1,https://articulatekids.co.uk/,,
speach language pathologist,United Kingdom,,2026-05-01,,,,,,2026-05-01,,,,,
linguistic ability of 2 year old,United Kingdom,,2026-05-01,,,,,,2026-05-01,,,,,
speech and language services,United Kingdom,,2026-05-01,,,,,,2026-05-01,,,,,
speech therapist west wickham,United Kingdom,,2026-05-01,1,0,https://articulatekids.co.uk/speech-therapist-bromley/,,,2026-05-01,1,0,https://articulatekids.co.uk/speech-therapist-bromley/,,
developmental guidelines speech in babies,United Kingdom,,2026-05-01,,,,,,2026-05-01,,,,,
larynx speech 6 months old,United Kingdom,,2026-05-01,,,,,,2026-05-01,,,,,
speech & language therapist,United Kingdom,,2026-05-01,,,,,,2026-05-01,,,,,
speech therapist petts wood,United Kingdom,,2026-05-01,1,0,https://articulatekids.co.uk/speech-therapist-petts-wood/,,,2026-05-01,1,0,https://articulatekids.co.uk/speech-therapist-petts-wood/,,
speach therapy for children,United Kingdom,,2026-05-01,,,,,,2026-05-01,,,,,
intensive soeech theraphy cost,United Kingdom,,2026-05-01,17,-3,https://articulatekids.co.uk/speech-therapist-london/,,,2026-05-01,17,-7,https://articulatekids.co.uk/speech-therapist-london/,,
how to help asd children communicate,United Kingdom,,2026-05-01,,,,,,2026-05-01,,,,,
how many words shiukd a twenty month old say,United Kingdom,,2026-05-01,,,,,,2026-05-01,,,,,
speech therapy 4 kid's,United Kingdom,,2026-05-01,,,,,,2026-05-01,20,> 1,https://articulatekids.co.uk/,,
school speech and language therapist,United Kingdom,,2026-05-01,,,,,,2026-05-01,,,,,
speech for 11 month old,United Kingdom,,2026-05-01,,,,,,2026-05-01,,,,,
speech therapy for kids,United Kingdom,,2026-05-01,,> -8,,,,2026-05-01,,> -8,,,
private speech and language therapy near me,United Kingdom,,2026-05-01,,,,,,2026-05-01,,,,,
earliest children join two words,United Kingdom,,2026-05-01,,,,,,2026-05-01,,,,,
speech and language therapy enfield,United Kingdom,,2026-05-01,,,,,,2026-05-01,,,,,
private speech therapy,United Kingdom,,2026-05-01,16,-5,https://articulatekids.co.uk/,,,2026-05-01,4,9,https://articulatekids.co.uk/,,
speaking to 2 year olds,United Kingdom,,2026-05-01,,,,,,2026-05-01,,,,,
toddler speech milestones,United Kingdom,,2026-05-01,,,,,,2026-05-01,,,,,
early years speech and language newham,United Kingdom,,2026-05-01,,,,,,2026-05-01,,,,,
child speech therapist,United Kingdom,,2026-05-01,,,,,,2026-05-01,,> -6,,,
speech therapist for kids,United Kingdom,,2026-05-01,,> -4,,,,2026-05-01,,> -1,,,
speach therapy,United Kingdom,,2026-05-01,,,,,,2026-05-01,,,,,
speech and language therapist int,United Kingdom,,2026-05-01,,,,,,2026-05-01,,,,,
private speech therapy cost,United Kingdom,,2026-05-01,,,,,,2026-05-01,,,,,
what does a 2 yearvold says,United Kingdom,,2026-05-01,,,,,,2026-05-01,,,,,
what should a 2 and a half year old be saying,United Kingdom,,2026-05-01,,,,,,2026-05-01,,,,,
what happens in a speech and language assessment,United Kingdom,,2026-05-01,,,,,,2026-05-01,,,,,
speech issues under 5 nice guidace,United Kingdom,,2026-05-01,,,,,,2026-05-01,,,,,
what causes stammers,United Kingdom,,2026-05-01,,,,,,2026-05-01,,,,,
signs of bullying,United Kingdom,,2026-05-01,,,,,,2026-05-01,,,,,
speech development records,United Kingdom,,2026-05-01,,,,,,2026-05-01,,,,,
speech therapy london,United Kingdom,,2026-05-01,,,,,,2026-05-01,,,,,
private speech therapy cost near me,United Kingdom,,2026-05-01,17,> 4,https://articulatekids.co.uk/speech-therapist-london/,,,2026-05-01,15,> 6,https://articulatekids.co.uk/speech-therapist-london/,,
speech therapy with teenagers,United Kingdom,,2026-05-01,,,,,,2026-05-01,,,,,
autism therapy london,United Kingdom,,2026-05-01,,,,,,2026-05-01,,,,,
speech and language therapy swansea orchard street,United Kingdom,,2026-05-01,,,,,,2026-05-01,,,,,
speech therapist lewisham,United Kingdom,,2026-05-01,17,> 4,https://articulatekids.co.uk/speech-therapist-london/,,,2026-05-01,17,> 4,https://articulatekids.co.uk/speech-therapist-london/,,
professionalspeech therapy for kids,United Kingdom,,2026-05-01,,> -1,,,,2026-05-01,,> -2,,,
speech and language therapists,United Kingdom,,2026-05-01,,,,,,2026-05-01,,,,,
private speech therapy rotherham,United Kingdom,,2026-05-01,,,,,,2026-05-01,,,,,
how to spot a bully,United Kingdom,,2026-05-01,,,,,,2026-05-01,,,,,
london speech therapy,United Kingdom,,2026-05-01,,,,,,2026-05-01,,,,,
speech therapy children,United Kingdom,,2026-05-01,,,,,,2026-05-01,,,,,
what causes stammering,United Kingdom,,2026-05-01,,,,,,2026-05-01,,,,,
speech and language therapist uk,United Kingdom,,2026-05-01,,,,,,2026-05-01,,,,,
speech expectations for 2 year old,United Kingdom,,2026-05-01,,,,,,2026-05-01,,,,,
speech therapist for 2 year old,United Kingdom,,2026-05-01,,> -11,,,,2026-05-01,,> -2,,,
speech therapy,United Kingdom,,2026-05-01,,,,,,2026-05-01,,,,,
counsellor and speech and language therapy,United Kingdom,,2026-05-01,,,,,,2026-05-01,,,,,
speech therapy clinic,United Kingdom,,2026-05-01,,,,,,2026-05-01,,,,,
what type of speech should my 8 months,United Kingdom,,2026-05-01,,,,,,2026-05-01,,,,,
what is speech therapy,United Kingdom,,2026-05-01,,,,,,2026-05-01,,,,,
what helps speech and language development,United Kingdom,,2026-05-01,,,,,,2026-05-01,,,,,
speech therapy assessment,United Kingdom,,2026-05-01,,,,,,2026-05-01,,,,,
speech therapy for toddlers,United Kingdom,,2026-05-01,,,,,,2026-05-01,,,,,
teacher children and slt,United Kingdom,,2026-05-01,,,,,,2026-05-01,,,,,
how many words can a one year old say uk,United Kingdom,,2026-05-01,,,,,,2026-05-01,,,,,
speech therapy essex,United Kingdom,,2026-05-01,,,,,,2026-05-01,,,,,
find a speech and language therapist,United Kingdom,,2026-05-01,,,,,,2026-05-01,,,,,
how much does a three year old talk,United Kingdom,,2026-05-01,,,,,,2026-05-01,,,,,
speech and language therapist,United Kingdom,,2026-05-01,,,,,,2026-05-01,,,,,
speech and language therapy clinic,United Kingdom,,2026-05-01,,,,,,2026-05-01,,,,,
when do infants recognize small sound,United Kingdom,,2026-05-01,,,,,,2026-05-01,,,,,
toddler talking milestones,United Kingdom,,2026-05-01,,,,,,2026-05-01,,,,,
how old speech and language therapy for toddlers,United Kingdom,,2026-05-01,,,,,,2026-05-01,,,,,
what do speech and language therapists do,United Kingdom,,2026-05-01,,,,,,2026-05-01,,,,,
language therapy,United Kingdom,,2026-05-01,,,,,,2026-05-01,,,,,
speech language pathologist,United Kingdom,,2026-05-01,,,,,,2026-05-01,,,,,
speech and language therapy private,United Kingdom,,2026-05-01,,,,,,2026-05-01,,,,,
should children be talking at 2 years,United Kingdom,,2026-05-01,,,,,,2026-05-01,,,,,
speech ans language therapy,United Kingdom,,2026-05-01,,,,,,2026-05-01,,,,,
speech therapist bexley,United Kingdom,,2026-05-01,3,0,https://articulatekids.co.uk/speech-therapist-bexley/,,,2026-05-01,3,0,https://articulatekids.co.uk/speech-therapist-bexley/,,
private speech therapy for toddlers,United Kingdom,,2026-05-01,18,-1,https://articulatekids.co.uk/speech-therapist-bexley/,,,2026-05-01,16,> 5,https://articulatekids.co.uk/speech-therapist-bexley/,,
how tecnology can help kids in counselling,United Kingdom,,2026-05-01,,,,,,2026-05-01,,,,,
child speech therapy,United Kingdom,,2026-05-01,19,> 2,https://articulatekids.co.uk/,,,2026-05-01,,,,,
private slt jobs,United Kingdom,,2026-05-01,,,,,,2026-05-01,,,,,
speech therapist greenwich,United Kingdom,,2026-05-01,14,> 7,https://articulatekids.co.uk/speech-therapist-london/,,,2026-05-01,14,-1,https://articulatekids.co.uk/speech-therapist-london/,,
speech therapist london,United Kingdom,,2026-05-01,,,,,,2026-05-01,,,,,
what helps.speech and language doagnose autism,United Kingdom,,2026-05-01,,,,,,2026-05-01,,,,,
what cant my child talk,United Kingdom,,2026-05-01,14,> 7,https://articulatekids.co.uk/when-should-my-child-start-talking-age-by-age-speech-milestones/,,,2026-05-01,14,> 7,https://articulatekids.co.uk/when-should-my-child-start-talking-age-by-age-speech-milestones/,,
speech therapist jobs,United Kingdom,,2026-05-01,,,,,,2026-05-01,,,,,
nearest speech and language therapist,United Kingdom,,2026-05-01,,,,,,2026-05-01,,,,,
private speech therapist,United Kingdom,,2026-05-01,,,,,,2026-05-01,,,,,
speech and language how to do core vocabulary,United Kingdom,,2026-05-01,,,,,,2026-05-01,,,,,
speech difficulty kids how to call,United Kingdom,,2026-05-01,,,,,,2026-05-01,,,,,
speech therapist croydon,United Kingdom,,2026-05-01,,,,,,2026-05-01,,,,,
speech and language therapy kids,United Kingdom,,2026-05-01,,,,,,2026-05-01,,,,,
speech coach london,United Kingdom,,2026-05-01,,,,,,2026-05-01,,,,,
kids speech therapy near me,United Kingdom,,2026-05-01,,,,,,2026-05-01,,> -1,,,
speech therapist primary school,United Kingdom,,2026-05-01,,,,,,2026-05-01,,,,,
speech therapy resources,United Kingdom,,2026-05-01,,,,,,2026-05-01,,,,,
speech language pathologist uk,United Kingdom,,2026-05-01,,,,,,2026-05-01,,,,,
private speech therapy london,United Kingdom,,2026-05-01,,,,,,2026-05-01,,,,,
roles of speech and language therapist,United Kingdom,,2026-05-01,,,,,,2026-05-01,,,,,
online speech therapy,United Kingdom,,2026-05-01,,,,,,2026-05-01,,,,,
speech therapist autism,United Kingdom,,2026-05-01,,,,,,2026-05-01,,,,,
speech and language therapist near me,United Kingdom,,2026-05-01,,,,,,2026-05-01,,,,,
intensive soeech theraphy cost uk,United Kingdom,,2026-05-01,17,-11,https://articulatekids.co.uk/speech-therapist-london/,,,2026-05-01,17,-11,https://articulatekids.co.uk/speech-therapist-london/,,
speech therapist sidcup,United Kingdom,,2026-05-01,1,0,https://articulatekids.co.uk/speech-therapist-sidcup/,,,2026-05-01,2,-1,https://articulatekids.co.uk/speech-therapist-sidcup/,,
speech and language therapy,United Kingdom,,2026-05-01,,,,,,2026-05-01,,,,,
independent speech and language therapy,United Kingdom,,2026-05-01,,,,,,2026-05-01,,,,,
speech development of a 4 year old,United Kingdom,,2026-04-01,,,,,,2026-04-01,,,,,
three year old communication milestones,United Kingdom,,2026-04-01,,,,,,2026-04-01,,,,,
speech language 7 month,United Kingdom,,2026-04-01,,,,,,2026-04-01,,,,,
children's speech therapist,United Kingdom,,2026-04-01,17,> 4,https://articulatekids.co.uk/,,,2026-04-01,15,> 6,https://articulatekids.co.uk/,,
speech milestones,United Kingdom,,2026-04-01,,,,,,2026-04-01,,,,,
speech therapists,United Kingdom,,2026-04-01,,,,,,2026-04-01,,,,,
private speech and language therapist,United Kingdom,,2026-04-01,,,,,,2026-04-01,,,,,
podcasts speech language therapy,United Kingdom,,2026-04-01,,,,,,2026-04-01,,,,,
speach pathologist uk,United Kingdom,,2026-04-01,,,,,,2026-04-01,,,,,
speech therapist eltham,United Kingdom,,2026-04-01,4,-1,https://articulatekids.co.uk/speech-therapist-sidcup/,,,2026-04-01,3,0,https://articulatekids.co.uk/speech-therapist-sidcup/,,
specialiat in speaking,United Kingdom,,2026-04-01,,,,,,2026-04-01,,,,,
social communication disorder 2 year old,United Kingdom,,2026-04-01,,,,,,2026-04-01,,,,,
voice therapists near me,United Kingdom,,2026-04-01,,,,,,2026-04-01,,,,,
vocabulary 2 year old,United Kingdom,,2026-04-01,,,,,,2026-04-01,,,,,
children's speech and language therapy,United Kingdom,,2026-04-01,,,,,,2026-04-01,,,,,
speech therapy vacancies,United Kingdom,,2026-04-01,,,,,,2026-04-01,,,,,
oral motor exercises talk tools,United Kingdom,,2026-04-01,,,,,,2026-04-01,,,,,
speech problem selective mute,United Kingdom,,2026-04-01,,,,,,2026-04-01,,,,,
speech and language swansea orchard street,United Kingdom,,2026-04-01,,,,,,2026-04-01,,,,,
speech therapists role,United Kingdom,,2026-04-01,,,,,,2026-04-01,,,,,
adult speech and language therapy,United Kingdom,,2026-04-01,,,,,,2026-04-01,,,,,
speech and language assessment,United Kingdom,,2026-04-01,,,,,,2026-04-01,,,,,
how many words should a twelve month old say uk,United Kingdom,,2026-04-01,,,,,,2026-04-01,,,,,
speexh therapt assessment,United Kingdom,,2026-04-01,,,,,,2026-04-01,,,,,
speech-language pathologist,United Kingdom,,2026-04-01,,,,,,2026-04-01,,,,,
private speech and language therapy,United Kingdom,,2026-04-01,,,,,,2026-04-01,,,,,
day in life speech language therapist,United Kingdom,,2026-04-01,,,,,,2026-04-01,,,,,
speech therapist chislehurst,United Kingdom,,2026-04-01,1,0,https://articulatekids.co.uk/speech-therapist-chislehurst/,,,2026-04-01,1,2,https://articulatekids.co.uk/speech-therapist-chislehurst/,,
speech and language therapist jobs,United Kingdom,,2026-04-01,,,,,,2026-04-01,,,,,
typical language development at 18 months,United Kingdom,,2026-04-01,,,,,,2026-04-01,,,,,
when toddlers talk,United Kingdom,,2026-04-01,,,,,,2026-04-01,,,,,
speech and language therapist role,United Kingdom,,2026-04-01,,,,,,2026-04-01,,,,,
speech therapist beckenham,United Kingdom,,2026-04-01,6,2,https://articulatekids.co.uk/speech-therapist-bromley/,,,2026-04-01,9,-3,https://articulatekids.co.uk/speech-therapist-bromley/,,
speech therapy 4 kids,United Kingdom,,2026-04-01,,,,,,2026-04-01,,,,,
greenwich speech and language therapy,United Kingdom,,2026-04-01,,,,,,2026-04-01,,,,,
how much should a one year old speak,United Kingdom,,2026-04-01,,,,,,2026-04-01,,,,,
speech and language therapy edmonton green,United Kingdom,,2026-04-01,,,,,,2026-04-01,,,,,
specialist speech and language therapist,United Kingdom,,2026-04-01,,,,,,2026-04-01,,,,,
speech pathologists,United Kingdom,,2026-04-01,,,,,,2026-04-01,,,,,
how do speech and language therapists help,United Kingdom,,2026-04-01,,,,,,2026-04-01,,,,,
speech therapist,United Kingdom,,2026-04-01,,,,,,2026-04-01,,,,,
0-12 months communication development,United Kingdom,,2026-04-01,,,,,,2026-04-01,,,,,
speech therapist bromley,United Kingdom,,2026-04-01,5,-2,https://articulatekids.co.uk/speech-therapist-bromley/,,,2026-04-01,6,-3,https://articulatekids.co.uk/speech-therapist-bromley/,,
speech and language therapy london,United Kingdom,,2026-04-01,,,,,,2026-04-01,,,,,
what does a speech and language therapist do,United Kingdom,,2026-04-01,,,,,,2026-04-01,,,,,
speech therapist harley street,United Kingdom,,2026-04-01,8,-4,https://articulatekids.co.uk/speech-therapist-london/,,,2026-04-01,8,-4,https://articulatekids.co.uk/speech-therapist-london/,,
speech therapy for stuttering,United Kingdom,,2026-04-01,,,,,,2026-04-01,,,,,
speech therapy online uk,United Kingdom,,2026-04-01,,,,,,2026-04-01,,,,,
speech and language therapy near me,United Kingdom,,2026-04-01,,,,,,2026-04-01,,,,,
inclusive education speech and language therapy,United Kingdom,,2026-04-01,,,,,,2026-04-01,,,,,
toddler speech therapy,United Kingdom,,2026-04-01,,,,,,2026-04-01,,,,,
speech therapy for children,United Kingdom,,2026-04-01,,,,,,2026-04-01,,,,,
speech therapy approach young adults,United Kingdom,,2026-04-01,,,,,,2026-04-01,,,,,
speech therapy uk,United Kingdom,,2026-04-01,,,,,,2026-04-01,,,,,
speech therapy for autism,United Kingdom,,2026-04-01,,,,,,2026-04-01,,,,,
how to get toddler express themselves,United Kingdom,,2026-04-01,,,,,,2026-04-01,,,,,
speech therapist orpington,United Kingdom,,2026-04-01,2,1,https://articulatekids.co.uk/,,,2026-04-01,2,2,https://articulatekids.co.uk/,,
speach language pathologist,United Kingdom,,2026-04-01,,,,,,2026-04-01,,,,,
linguistic ability of 2 year old,United Kingdom,,2026-04-01,,,,,,2026-04-01,,,,,
speech and language services,United Kingdom,,2026-04-01,,,,,,2026-04-01,,,,,
speech therapist west wickham,United Kingdom,,2026-04-01,1,0,https://articulatekids.co.uk/speech-therapist-bromley/,,,2026-04-01,1,0,https://articulatekids.co.uk/speech-therapist-bromley/,,
developmental guidelines speech in babies,United Kingdom,,2026-04-01,,> -5,,,,2026-04-01,,,,,
larynx speech 6 months old,United Kingdom,,2026-04-01,,,,,,2026-04-01,,,,,
speech & language therapist,United Kingdom,,2026-04-01,,,,,,2026-04-01,,,,,
speech therapist petts wood,United Kingdom,,2026-04-01,1,0,https://articulatekids.co.uk/,,,2026-04-01,1,0,https://articulatekids.co.uk/,,
speach therapy for children,United Kingdom,,2026-04-01,,,,,,2026-04-01,,,,,
intensive soeech theraphy cost,United Kingdom,,2026-04-01,14,-4,https://articulatekids.co.uk/speech-therapist-london/,,,2026-04-01,10,-1,https://articulatekids.co.uk/speech-therapist-london/,,
how to help asd children communicate,United Kingdom,,2026-04-01,,,,,,2026-04-01,,,,,
how many words shiukd a twenty month old say,United Kingdom,,2026-04-01,,,,,,2026-04-01,,,,,
speech therapy 4 kid's,United Kingdom,,2026-04-01,,,,,,2026-04-01,,,,,
school speech and language therapist,United Kingdom,,2026-04-01,,,,,,2026-04-01,,,,,
speech for 11 month old,United Kingdom,,2026-04-01,,,,,,2026-04-01,,,,,
speech therapy for kids,United Kingdom,,2026-04-01,13,> 8,https://articulatekids.co.uk/,,,2026-04-01,13,3,https://articulatekids.co.uk/,,
private speech and language therapy near me,United Kingdom,,2026-04-01,,,,,,2026-04-01,,,,,
earliest children join two words,United Kingdom,,2026-04-01,,,,,,2026-04-01,,,,,
speech and language therapy enfield,United Kingdom,,2026-04-01,,,,,,2026-04-01,,,,,
private speech therapy,United Kingdom,,2026-04-01,11,> 10,https://articulatekids.co.uk/,,,2026-04-01,13,> 8,https://articulatekids.co.uk/,,
speaking to 2 year olds,United Kingdom,,2026-04-01,,,,,,2026-04-01,,,,,
toddler speech milestones,United Kingdom,,2026-04-01,,,,,,2026-04-01,,,,,
early years speech and language newham,United Kingdom,,2026-04-01,,,,,,2026-04-01,,,,,
child speech therapist,United Kingdom,,2026-04-01,,,,,,2026-04-01,15,> 6,https://articulatekids.co.uk/,,
speech therapist for kids,United Kingdom,,2026-04-01,17,> 4,https://articulatekids.co.uk/,,,2026-04-01,20,> 1,https://articulatekids.co.uk/speech-therapist-london/,,
speach therapy,United Kingdom,,2026-04-01,,,,,,2026-04-01,,,,,
speech and language therapist int,United Kingdom,,2026-04-01,,,,,,2026-04-01,,,,,
private speech therapy cost,United Kingdom,,2026-04-01,,,,,,2026-04-01,,,,,
what does a 2 yearvold says,United Kingdom,,2026-04-01,,,,,,2026-04-01,,,,,
what should a 2 and a half year old be saying,United Kingdom,,2026-04-01,,,,,,2026-04-01,,,,,
what happens in a speech and language assessment,United Kingdom,,2026-04-01,,,,,,2026-04-01,,,,,
speech issues under 5 nice guidace,United Kingdom,,2026-04-01,,,,,,2026-04-01,,,,,
what causes stammers,United Kingdom,,2026-04-01,,,,,,2026-04-01,,,,,
signs of bullying,United Kingdom,,2026-04-01,,,,,,2026-04-01,,,,,
speech development records,United Kingdom,,2026-04-01,,,,,,2026-04-01,,,,,
speech therapy london,United Kingdom,,2026-04-01,,,,,,2026-04-01,,,,,
private speech therapy cost near me,United Kingdom,,2026-04-01,,,,,,2026-04-01,,,,,
speech therapy with teenagers,United Kingdom,,2026-04-01,,,,,,2026-04-01,,> -9,,,
autism therapy london,United Kingdom,,2026-04-01,,,,,,2026-04-01,,,,,
speech and language therapy swansea orchard street,United Kingdom,,2026-04-01,,,,,,2026-04-01,,,,,
speech therapist lewisham,United Kingdom,,2026-04-01,,,,,,2026-04-01,,,,,
professionalspeech therapy for kids,United Kingdom,,2026-04-01,20,> 1,https://articulatekids.co.uk/,,,2026-04-01,19,> 2,https://articulatekids.co.uk/,,
speech and language therapists,United Kingdom,,2026-04-01,,,,,,2026-04-01,,,,,
private speech therapy rotherham,United Kingdom,,2026-04-01,,,,,,2026-04-01,,,,,
how to spot a bully,United Kingdom,,2026-04-01,,,,,,2026-04-01,,,,,
london speech therapy,United Kingdom,,2026-04-01,,,,,,2026-04-01,,,,,
speech therapy children,United Kingdom,,2026-04-01,,,,,,2026-04-01,,,,,
what causes stammering,United Kingdom,,2026-04-01,,,,,,2026-04-01,,,,,
speech and language therapist uk,United Kingdom,,2026-04-01,,,,,,2026-04-01,,,,,
speech expectations for 2 year old,United Kingdom,,2026-04-01,,,,,,2026-04-01,,,,,
speech therapist for 2 year old,United Kingdom,,2026-04-01,10,> 11,https://articulatekids.co.uk/,,,2026-04-01,19,> 2,https://articulatekids.co.uk/speech-therapist-london/,,
speech therapy,United Kingdom,,2026-04-01,,,,,,2026-04-01,,,,,
counsellor and speech and language therapy,United Kingdom,,2026-04-01,,,,,,2026-04-01,,,,,
speech therapy clinic,United Kingdom,,2026-04-01,,> -4,,,,2026-04-01,,> -2,,,
what type of speech should my 8 months,United Kingdom,,2026-04-01,,> -2,,,,2026-04-01,,> -2,,,
what is speech therapy,United Kingdom,,2026-04-01,,,,,,2026-04-01,,,,,
what helps speech and language development,United Kingdom,,2026-04-01,,,,,,2026-04-01,,,,,
speech therapy assessment,United Kingdom,,2026-04-01,,,,,,2026-04-01,,,,,
speech therapy for toddlers,United Kingdom,,2026-04-01,,,,,,2026-04-01,,,,,
teacher children and slt,United Kingdom,,2026-04-01,,,,,,2026-04-01,,,,,
how many words can a one year old say uk,United Kingdom,,2026-04-01,,,,,,2026-04-01,,,,,
speech therapy essex,United Kingdom,,2026-04-01,,,,,,2026-04-01,,,,,
find a speech and language therapist,United Kingdom,,2026-04-01,,,,,,2026-04-01,,,,,
how much does a three year old talk,United Kingdom,,2026-04-01,,,,,,2026-04-01,,,,,
speech and language therapist,United Kingdom,,2026-04-01,,,,,,2026-04-01,,,,,
speech and language therapy clinic,United Kingdom,,2026-04-01,,,,,,2026-04-01,,,,,
when do infants recognize small sound,United Kingdom,,2026-04-01,,,,,,2026-04-01,,,,,
toddler talking milestones,United Kingdom,,2026-04-01,,,,,,2026-04-01,,,,,
how old speech and language therapy for toddlers,United Kingdom,,2026-04-01,,,,,,2026-04-01,,,,,
what do speech and language therapists do,United Kingdom,,2026-04-01,,,,,,2026-04-01,,,,,
language therapy,United Kingdom,,2026-04-01,,,,,,2026-04-01,,,,,
speech language pathologist,United Kingdom,,2026-04-01,,,,,,2026-04-01,,,,,
speech and language therapy private,United Kingdom,,2026-04-01,,,,,,2026-04-01,,,,,
should children be talking at 2 years,United Kingdom,,2026-04-01,,,,,,2026-04-01,,,,,
speech ans language therapy,United Kingdom,,2026-04-01,,,,,,2026-04-01,,,,,
speech therapist bexley,United Kingdom,,2026-04-01,3,1,https://articulatekids.co.uk/speech-therapist-bexley/,,,2026-04-01,3,1,https://articulatekids.co.uk/speech-therapist-bexley/,,
private speech therapy for toddlers,United Kingdom,,2026-04-01,17,> 4,https://articulatekids.co.uk/,,,2026-04-01,,,,,
how tecnology can help kids in counselling,United Kingdom,,2026-04-01,,,,,,2026-04-01,,,,,
child speech therapy,United Kingdom,,2026-04-01,,,,,,2026-04-01,,,,,
private slt jobs,United Kingdom,,2026-04-01,,,,,,2026-04-01,,,,,
speech therapist greenwich,United Kingdom,,2026-04-01,,,,,,2026-04-01,13,> 8,https://articulatekids.co.uk/speech-therapist-bexley/,,
speech therapist london,United Kingdom,,2026-04-01,,,,,,2026-04-01,,,,,
what helps.speech and language doagnose autism,United Kingdom,,2026-04-01,,,,,,2026-04-01,,,,,
what cant my child talk,United Kingdom,,2026-04-01,,,,,,2026-04-01,,,,,
speech therapist jobs,United Kingdom,,2026-04-01,,,,,,2026-04-01,,,,,
nearest speech and language therapist,United Kingdom,,2026-04-01,,,,,,2026-04-01,,,,,
private speech therapist,United Kingdom,,2026-04-01,,,,,,2026-04-01,,,,,
speech and language how to do core vocabulary,United Kingdom,,2026-04-01,,,,,,2026-04-01,,,,,
speech difficulty kids how to call,United Kingdom,,2026-04-01,,,,,,2026-04-01,,,,,
speech therapist croydon,United Kingdom,,2026-04-01,,,,,,2026-04-01,,,,,
speech and language therapy kids,United Kingdom,,2026-04-01,,,,,,2026-04-01,,,,,
speech coach london,United Kingdom,,2026-04-01,,,,,,2026-04-01,,,,,
kids speech therapy near me,United Kingdom,,2026-04-01,,,,,,2026-04-01,20,> 1,https://articulatekids.co.uk/,,
speech therapist primary school,United Kingdom,,2026-04-01,,,,,,2026-04-01,,,,,
speech therapy resources,United Kingdom,,2026-04-01,,,,,,2026-04-01,,,,,
speech language pathologist uk,United Kingdom,,2026-04-01,,,,,,2026-04-01,,,,,
private speech therapy london,United Kingdom,,2026-04-01,,,,,,2026-04-01,,,,,
roles of speech and language therapist,United Kingdom,,2026-04-01,,,,,,2026-04-01,,,,,
online speech therapy,United Kingdom,,2026-04-01,,,,,,2026-04-01,,,,,
speech therapist autism,United Kingdom,,2026-04-01,,,,,,2026-04-01,,,,,
speech and language therapist near me,United Kingdom,,2026-04-01,,,,,,2026-04-01,,,,,
intensive soeech theraphy cost uk,United Kingdom,,2026-04-01,6,-3,https://articulatekids.co.uk/speech-therapist-london/,,,2026-04-01,6,4,https://articulatekids.co.uk/speech-therapist-london/,,
speech therapist sidcup,United Kingdom,,2026-04-01,1,0,https://articulatekids.co.uk/speech-therapist-sidcup/,,,2026-04-01,1,0,https://articulatekids.co.uk/speech-therapist-sidcup/,,
speech and language therapy,United Kingdom,,2026-04-01,,,,,,2026-04-01,,,,,
independent speech and language therapy,United Kingdom,,2026-04-01,,,,,,2026-04-01,,,,,
speech development of a 4 year old,United Kingdom,,2026-03-01,,,,,,2026-03-01,,,,,
three year old communication milestones,United Kingdom,,2026-03-01,,,,,,2026-03-01,,,,,
speech language 7 month,United Kingdom,,2026-03-01,,,,,,2026-03-01,,,,,
children's speech therapist,United Kingdom,,2026-03-01,,,,,,2026-03-01,,,,,
speech milestones,United Kingdom,,2026-03-01,,,,,,2026-03-01,,,,,
speech therapists,United Kingdom,,2026-03-01,,,,,,2026-03-01,,,,,
private speech and language therapist,United Kingdom,,2026-03-01,,,,,,2026-03-01,,,,,
podcasts speech language therapy,United Kingdom,,2026-03-01,,,,,,2026-03-01,,,,,
speach pathologist uk,United Kingdom,,2026-03-01,,,,,,2026-03-01,,,,,
speech therapist eltham,United Kingdom,,2026-03-01,3,-1,https://articulatekids.co.uk/speech-therapist-sidcup/,,,2026-03-01,3,-1,https://articulatekids.co.uk/speech-therapist-sidcup/,,
specialiat in speaking,United Kingdom,,2026-03-01,,,,,,2026-03-01,,,,,
social communication disorder 2 year old,United Kingdom,,2026-03-01,,,,,,2026-03-01,,,,,
voice therapists near me,United Kingdom,,2026-03-01,,,,,,2026-03-01,,,,,
vocabulary 2 year old,United Kingdom,,2026-03-01,,,,,,2026-03-01,,,,,
children's speech and language therapy,United Kingdom,,2026-03-01,,,,,,2026-03-01,,,,,
speech therapy vacancies,United Kingdom,,2026-03-01,,,,,,2026-03-01,,,,,
oral motor exercises talk tools,United Kingdom,,2026-03-01,,,,,,2026-03-01,,,,,
speech problem selective mute,United Kingdom,,2026-03-01,,,,,,2026-03-01,,,,,
speech and language swansea orchard street,United Kingdom,,2026-03-01,,,,,,2026-03-01,,,,,
speech therapists role,United Kingdom,,2026-03-01,,,,,,2026-03-01,,,,,
adult speech and language therapy,United Kingdom,,2026-03-01,,,,,,2026-03-01,,,,,
speech and language assessment,United Kingdom,,2026-03-01,,,,,,2026-03-01,,,,,
how many words should a twelve month old say uk,United Kingdom,,2026-03-01,,,,,,2026-03-01,,,,,
speexh therapt assessment,United Kingdom,,2026-03-01,,,,,,2026-03-01,,,,,
speech-language pathologist,United Kingdom,,2026-03-01,,,,,,2026-03-01,,,,,
private speech and language therapy,United Kingdom,,2026-03-01,,,,,,2026-03-01,,,,,
day in life speech language therapist,United Kingdom,,2026-03-01,,,,,,2026-03-01,,,,,
speech therapist chislehurst,United Kingdom,,2026-03-01,1,0,https://articulatekids.co.uk/speech-therapist-chislehurst/,,,2026-03-01,3,-2,https://articulatekids.co.uk/,,
speech and language therapist jobs,United Kingdom,,2026-03-01,,,,,,2026-03-01,,,,,
typical language development at 18 months,United Kingdom,,2026-03-01,,,,,,2026-03-01,,,,,
when toddlers talk,United Kingdom,,2026-03-01,,,,,,2026-03-01,,,,,
speech and language therapist role,United Kingdom,,2026-03-01,,,,,,2026-03-01,,,,,
speech therapist beckenham,United Kingdom,,2026-03-01,8,1,https://articulatekids.co.uk/speech-therapist-bromley/,,,2026-03-01,6,3,https://articulatekids.co.uk/speech-therapist-bromley/,,
speech therapy 4 kids,United Kingdom,,2026-03-01,,,,,,2026-03-01,,,,,
greenwich speech and language therapy,United Kingdom,,2026-03-01,,,,,,2026-03-01,,,,,
how much should a one year old speak,United Kingdom,,2026-03-01,,,,,,2026-03-01,,,,,
speech and language therapy edmonton green,United Kingdom,,2026-03-01,,,,,,2026-03-01,,,,,
specialist speech and language therapist,United Kingdom,,2026-03-01,,,,,,2026-03-01,,,,,
speech pathologists,United Kingdom,,2026-03-01,,,,,,2026-03-01,,,,,
how do speech and language therapists help,United Kingdom,,2026-03-01,,,,,,2026-03-01,,,,,
speech therapist,United Kingdom,,2026-03-01,,,,,,2026-03-01,,,,,
0-12 months communication development,United Kingdom,,2026-03-01,,,,,,2026-03-01,,,,,
speech therapist bromley,United Kingdom,,2026-03-01,3,5,https://articulatekids.co.uk/speech-therapist-bromley/,,,2026-03-01,3,5,https://articulatekids.co.uk/speech-therapist-bromley/,,
speech and language therapy london,United Kingdom,,2026-03-01,,,,,,2026-03-01,,,,,
what does a speech and language therapist do,United Kingdom,,2026-03-01,,,,,,2026-03-01,,,,,
speech therapist harley street,United Kingdom,,2026-03-01,4,2,https://articulatekids.co.uk/speech-therapist-london/,,,2026-03-01,4,3,https://articulatekids.co.uk/speech-therapist-london/,,
speech therapy for stuttering,United Kingdom,,2026-03-01,,,,,,2026-03-01,,,,,
speech therapy online uk,United Kingdom,,2026-03-01,,,,,,2026-03-01,,,,,
speech and language therapy near me,United Kingdom,,2026-03-01,,,,,,2026-03-01,,,,,
inclusive education speech and language therapy,United Kingdom,,2026-03-01,,,,,,2026-03-01,,,,,
toddler speech therapy,United Kingdom,,2026-03-01,,,,,,2026-03-01,,,,,
speech therapy for children,United Kingdom,,2026-03-01,,,,,,2026-03-01,,,,,
speech therapy approach young adults,United Kingdom,,2026-03-01,,,,,,2026-03-01,,,,,
speech therapy uk,United Kingdom,,2026-03-01,,,,,,2026-03-01,,,,,
speech therapy for autism,United Kingdom,,2026-03-01,,,,,,2026-03-01,,,,,
how to get toddler express themselves,United Kingdom,,2026-03-01,,,,,,2026-03-01,,,,,
speech therapist orpington,United Kingdom,,2026-03-01,3,-1,https://articulatekids.co.uk/speech-therapist-orpington/,,,2026-03-01,4,-2,https://articulatekids.co.uk/speech-therapist-orpington/,,
speach language pathologist,United Kingdom,,2026-03-01,,,,,,2026-03-01,,,,,
linguistic ability of 2 year old,United Kingdom,,2026-03-01,,,,,,2026-03-01,,,,,
speech and language services,United Kingdom,,2026-03-01,,,,,,2026-03-01,,,,,
speech therapist west wickham,United Kingdom,,2026-03-01,1,0,https://articulatekids.co.uk/speech-therapist-beckenham/,,,2026-03-01,1,0,https://articulatekids.co.uk/speech-therapist-bromley/,,
developmental guidelines speech in babies,United Kingdom,,2026-03-01,16,> 5,https://articulatekids.co.uk/when-should-my-child-start-talking-age-by-age-speech-milestones/,,,2026-03-01,,,,,
larynx speech 6 months old,United Kingdom,,2026-03-01,,,,,,2026-03-01,,,,,
speech & language therapist,United Kingdom,,2026-03-01,,,,,,2026-03-01,,,,,
speech therapist petts wood,United Kingdom,,2026-03-01,1,0,https://articulatekids.co.uk/speech-therapist-petts-wood/,,,2026-03-01,1,0,https://articulatekids.co.uk/speech-therapist-petts-wood/,,
speach therapy for children,United Kingdom,,2026-03-01,,,,,,2026-03-01,,,,,
intensive soeech theraphy cost,United Kingdom,,2026-03-01,10,-7,https://articulatekids.co.uk/speech-therapist-london/,,,2026-03-01,9,-6,https://articulatekids.co.uk/speech-therapist-london/,,
how to help asd children communicate,United Kingdom,,2026-03-01,,,,,,2026-03-01,,,,,
how many words shiukd a twenty month old say,United Kingdom,,2026-03-01,,,,,,2026-03-01,,,,,
speech therapy 4 kid's,United Kingdom,,2026-03-01,,,,,,2026-03-01,,,,,
school speech and language therapist,United Kingdom,,2026-03-01,,,,,,2026-03-01,,,,,
speech for 11 month old,United Kingdom,,2026-03-01,,,,,,2026-03-01,,,,,
speech therapy for kids,United Kingdom,,2026-03-01,,> -5,,,,2026-03-01,16,> 5,https://articulatekids.co.uk/book-an-appointment/,,
private speech and language therapy near me,United Kingdom,,2026-03-01,,,,,,2026-03-01,,,,,
earliest children join two words,United Kingdom,,2026-03-01,,,,,,2026-03-01,,,,,
speech and language therapy enfield,United Kingdom,,2026-03-01,,,,,,2026-03-01,,,,,
private speech therapy,United Kingdom,,2026-03-01,,,,,,2026-03-01,,,,,
speaking to 2 year olds,United Kingdom,,2026-03-01,,,,,,2026-03-01,,,,,
toddler speech milestones,United Kingdom,,2026-03-01,,,,,,2026-03-01,,,,,
early years speech and language newham,United Kingdom,,2026-03-01,,,,,,2026-03-01,,,,,
child speech therapist,United Kingdom,,2026-03-01,,> -8,,,,2026-03-01,,,,,
speech therapist for kids,United Kingdom,,2026-03-01,,,,,,2026-03-01,,,,,
speach therapy,United Kingdom,,2026-03-01,,,,,,2026-03-01,,,,,
speech and language therapist int,United Kingdom,,2026-03-01,,,,,,2026-03-01,,,,,
private speech therapy cost,United Kingdom,,2026-03-01,,,,,,2026-03-01,,,,,
what does a 2 yearvold says,United Kingdom,,2026-03-01,,,,,,2026-03-01,,,,,
what should a 2 and a half year old be saying,United Kingdom,,2026-03-01,,,,,,2026-03-01,,,,,
what happens in a speech and language assessment,United Kingdom,,2026-03-01,,,,,,2026-03-01,,,,,
speech issues under 5 nice guidace,United Kingdom,,2026-03-01,,,,,,2026-03-01,,,,,
what causes stammers,United Kingdom,,2026-03-01,,,,,,2026-03-01,,,,,
signs of bullying,United Kingdom,,2026-03-01,,,,,,2026-03-01,,,,,
speech development records,United Kingdom,,2026-03-01,,,,,,2026-03-01,,,,,
speech therapy london,United Kingdom,,2026-03-01,,,,,,2026-03-01,,,,,
private speech therapy cost near me,United Kingdom,,2026-03-01,,,,,,2026-03-01,,,,,
speech therapy with teenagers,United Kingdom,,2026-03-01,,> -8,,,,2026-03-01,12,> 9,https://articulatekids.co.uk/location/,,
autism therapy london,United Kingdom,,2026-03-01,,,,,,2026-03-01,,,,,
speech and language therapy swansea orchard street,United Kingdom,,2026-03-01,,,,,,2026-03-01,,,,,
speech therapist lewisham,United Kingdom,,2026-03-01,,,,,,2026-03-01,,,,,
professionalspeech therapy for kids,United Kingdom,,2026-03-01,,,,,,2026-03-01,,,,,
speech and language therapists,United Kingdom,,2026-03-01,,,,,,2026-03-01,,,,,
private speech therapy rotherham,United Kingdom,,2026-03-01,,,,,,2026-03-01,,,,,
how to spot a bully,United Kingdom,,2026-03-01,,,,,,2026-03-01,,,,,
london speech therapy,United Kingdom,,2026-03-01,,,,,,2026-03-01,,> -11,,,
speech therapy children,United Kingdom,,2026-03-01,,,,,,2026-03-01,,,,,
what causes stammering,United Kingdom,,2026-03-01,,,,,,2026-03-01,,,,,
speech and language therapist uk,United Kingdom,,2026-03-01,,,,,,2026-03-01,,,,,
speech expectations for 2 year old,United Kingdom,,2026-03-01,,,,,,2026-03-01,,,,,
speech therapist for 2 year old,United Kingdom,,2026-03-01,,,,,,2026-03-01,,,,,
speech therapy,United Kingdom,,2026-03-01,,,,,,2026-03-01,,,,,
counsellor and speech and language therapy,United Kingdom,,2026-03-01,,,,,,2026-03-01,,,,,
speech therapy clinic,United Kingdom,,2026-03-01,17,> 4,https://articulatekids.co.uk/speech-therapist-london/,,,2026-03-01,19,> 2,https://articulatekids.co.uk/speech-therapist-london/,,
what type of speech should my 8 months,United Kingdom,,2026-03-01,19,> 2,https://articulatekids.co.uk/when-should-my-child-start-talking-age-by-age-speech-milestones/,,,2026-03-01,19,> 2,https://articulatekids.co.uk/when-should-my-child-start-talking-age-by-age-speech-milestones/,,
what is speech therapy,United Kingdom,,2026-03-01,,,,,,2026-03-01,,,,,
what helps speech and language development,United Kingdom,,2026-03-01,,,,,,2026-03-01,,,,,
speech therapy assessment,United Kingdom,,2026-03-01,,,,,,2026-03-01,,,,,
speech therapy for toddlers,United Kingdom,,2026-03-01,,,,,,2026-03-01,,,,,
teacher children and slt,United Kingdom,,2026-03-01,,,,,,2026-03-01,,,,,
how many words can a one year old say uk,United Kingdom,,2026-03-01,,,,,,2026-03-01,,,,,
speech therapy essex,United Kingdom,,2026-03-01,,,,,,2026-03-01,,,,,
find a speech and language therapist,United Kingdom,,2026-03-01,,,,,,2026-03-01,,,,,
how much does a three year old talk,United Kingdom,,2026-03-01,,,,,,2026-03-01,,,,,
speech and language therapist,United Kingdom,,2026-03-01,,,,,,2026-03-01,,,,,
speech and language therapy clinic,United Kingdom,,2026-03-01,,,,,,2026-03-01,,,,,
when do infants recognize small sound,United Kingdom,,2026-03-01,,,,,,2026-03-01,,,,,
toddler talking milestones,United Kingdom,,2026-03-01,,,,,,2026-03-01,,,,,
how old speech and language therapy for toddlers,United Kingdom,,2026-03-01,,,,,,2026-03-01,,,,,
what do speech and language therapists do,United Kingdom,,2026-03-01,,,,,,2026-03-01,,,,,
language therapy,United Kingdom,,2026-03-01,,,,,,2026-03-01,,,,,
speech language pathologist,United Kingdom,,2026-03-01,,,,,,2026-03-01,,,,,
speech and language therapy private,United Kingdom,,2026-03-01,,,,,,2026-03-01,,,,,
should children be talking at 2 years,United Kingdom,,2026-03-01,,,,,,2026-03-01,,,,,
speech ans language therapy,United Kingdom,,2026-03-01,,,,,,2026-03-01,,,,,
speech therapist bexley,United Kingdom,,2026-03-01,4,-1,https://articulatekids.co.uk/speech-therapist-sidcup/,,,2026-03-01,4,-1,https://articulatekids.co.uk/speech-therapist-sidcup/,,
private speech therapy for toddlers,United Kingdom,,2026-03-01,,> -3,,,,2026-03-01,,,,,
how tecnology can help kids in counselling,United Kingdom,,2026-03-01,,,,,,2026-03-01,,,,,
child speech therapy,United Kingdom,,2026-03-01,,> -4,,,,2026-03-01,,,,,
private slt jobs,United Kingdom,,2026-03-01,,,,,,2026-03-01,,,,,
speech therapist greenwich,United Kingdom,,2026-03-01,,,,,,2026-03-01,,,,,
speech therapist london,United Kingdom,,2026-03-01,,,,,,2026-03-01,,,,,
what helps.speech and language doagnose autism,United Kingdom,,2026-03-01,,,,,,2026-03-01,,,,,
what cant my child talk,United Kingdom,,2026-03-01,,,,,,2026-03-01,,,,,
speech therapist jobs,United Kingdom,,2026-03-01,,,,,,2026-03-01,,,,,
nearest speech and language therapist,United Kingdom,,2026-03-01,,,,,,2026-03-01,,,,,
private speech therapist,United Kingdom,,2026-03-01,,,,,,2026-03-01,,,,,
speech and language how to do core vocabulary,United Kingdom,,2026-03-01,,,,,,2026-03-01,,,,,
speech difficulty kids how to call,United Kingdom,,2026-03-01,,,,,,2026-03-01,,,,,
speech therapist croydon,United Kingdom,,2026-03-01,,,,,,2026-03-01,,,,,
speech and language therapy kids,United Kingdom,,2026-03-01,,,,,,2026-03-01,,,,,
speech coach london,United Kingdom,,2026-03-01,,,,,,2026-03-01,,,,,
kids speech therapy near me,United Kingdom,,2026-03-01,,,,,,2026-03-01,,,,,
speech therapist primary school,United Kingdom,,2026-03-01,,,,,,2026-03-01,,,,,
speech therapy resources,United Kingdom,,2026-03-01,,,,,,2026-03-01,,,,,
speech language pathologist uk,United Kingdom,,2026-03-01,,,,,,2026-03-01,,,,,
private speech therapy london,United Kingdom,,2026-03-01,,,,,,2026-03-01,,,,,
roles of speech and language therapist,United Kingdom,,2026-03-01,,,,,,2026-03-01,,,,,
online speech therapy,United Kingdom,,2026-03-01,,,,,,2026-03-01,,,,,
speech therapist autism,United Kingdom,,2026-03-01,,,,,,2026-03-01,,,,,
speech and language therapist near me,United Kingdom,,2026-03-01,,,,,,2026-03-01,,,,,
intensive soeech theraphy cost uk,United Kingdom,,2026-03-01,3,4,https://articulatekids.co.uk/speech-therapist-london/,,,2026-03-01,10,-2,https://articulatekids.co.uk/speech-therapist-london/,,
speech therapist sidcup,United Kingdom,,2026-03-01,1,1,https://articulatekids.co.uk/speech-therapist-sidcup/,,,2026-03-01,1,1,https://articulatekids.co.uk/speech-therapist-sidcup/,,
speech and language therapy,United Kingdom,,2026-03-01,,,,,,2026-03-01,,,,,
independent speech and language therapy,United Kingdom,,2026-03-01,,,,,,2026-03-01,,,,,
speech development of a 4 year old,United Kingdom,,2026-02-01,,,,,,2026-02-01,,,,,
three year old communication milestones,United Kingdom,,2026-02-01,,,,,,2026-02-01,,,,,
speech language 7 month,United Kingdom,,2026-02-01,,,,,,2026-02-01,,,,,
children's speech therapist,United Kingdom,,2026-02-01,,,,,,2026-02-01,,,,,
speech milestones,United Kingdom,,2026-02-01,,,,,,2026-02-01,,,,,
speech therapists,United Kingdom,,2026-02-01,,,,,,2026-02-01,,,,,
private speech and language therapist,United Kingdom,,2026-02-01,,,,,,2026-02-01,,,,,
podcasts speech language therapy,United Kingdom,,2026-02-01,,,,,,2026-02-01,,,,,
speach pathologist uk,United Kingdom,,2026-02-01,,,,,,2026-02-01,,,,,
speech therapist eltham,United Kingdom,,2026-02-01,2,,https://articulatekids.co.uk/speech-therapist-london/,,,2026-02-01,2,,https://articulatekids.co.uk/speech-therapist-london/,,
specialiat in speaking,United Kingdom,,2026-02-01,,,,,,2026-02-01,,,,,
social communication disorder 2 year old,United Kingdom,,2026-02-01,,,,,,2026-02-01,,,,,
voice therapists near me,United Kingdom,,2026-02-01,,,,,,2026-02-01,,,,,
vocabulary 2 year old,United Kingdom,,2026-02-01,,,,,,2026-02-01,,,,,
children's speech and language therapy,United Kingdom,,2026-02-01,,,,,,2026-02-01,,,,,
speech therapy vacancies,United Kingdom,,2026-02-01,,,,,,2026-02-01,,,,,
oral motor exercises talk tools,United Kingdom,,2026-02-01,,,,,,2026-02-01,,,,,
speech problem selective mute,United Kingdom,,2026-02-01,,,,,,2026-02-01,,,,,
speech and language swansea orchard street,United Kingdom,,2026-02-01,,,,,,2026-02-01,,,,,
speech therapists role,United Kingdom,,2026-02-01,,,,,,2026-02-01,,,,,
adult speech and language therapy,United Kingdom,,2026-02-01,,,,,,2026-02-01,,,,,
speech and language assessment,United Kingdom,,2026-02-01,,,,,,2026-02-01,,,,,
how many words should a twelve month old say uk,United Kingdom,,2026-02-01,,,,,,2026-02-01,,,,,
speexh therapt assessment,United Kingdom,,2026-02-01,,,,,,2026-02-01,,,,,
speech-language pathologist,United Kingdom,,2026-02-01,,,,,,2026-02-01,,,,,
private speech and language therapy,United Kingdom,,2026-02-01,,,,,,2026-02-01,,,,,
day in life speech language therapist,United Kingdom,,2026-02-01,,,,,,2026-02-01,,,,,
speech therapist chislehurst,United Kingdom,,2026-02-01,1,,https://articulatekids.co.uk/speech-therapist-chislehurst/,,,2026-02-01,1,,https://articulatekids.co.uk/speech-therapist-chislehurst/,,
speech and language therapist jobs,United Kingdom,,2026-02-01,,,,,,2026-02-01,,,,,
typical language development at 18 months,United Kingdom,,2026-02-01,,,,,,2026-02-01,,,,,
when toddlers talk,United Kingdom,,2026-02-01,,,,,,2026-02-01,,,,,
speech and language therapist role,United Kingdom,,2026-02-01,,,,,,2026-02-01,,,,,
speech therapist beckenham,United Kingdom,,2026-02-01,9,,https://articulatekids.co.uk/speech-therapist-bromley/,,,2026-02-01,9,,https://articulatekids.co.uk/speech-therapist-bromley/,,
speech therapy 4 kids,United Kingdom,,2026-02-01,,,,,,2026-02-01,,,,,
greenwich speech and language therapy,United Kingdom,,2026-02-01,,,,,,2026-02-01,,,,,
how much should a one year old speak,United Kingdom,,2026-02-01,,,,,,2026-02-01,,,,,
speech and language therapy edmonton green,United Kingdom,,2026-02-01,,,,,,2026-02-01,,,,,
specialist speech and language therapist,United Kingdom,,2026-02-01,,,,,,2026-02-01,,,,,
speech pathologists,United Kingdom,,2026-02-01,,,,,,2026-02-01,,,,,
how do speech and language therapists help,United Kingdom,,2026-02-01,,,,,,2026-02-01,,,,,
speech therapist,United Kingdom,,2026-02-01,,,,,,2026-02-01,,,,,
0-12 months communication development,United Kingdom,,2026-02-01,,,,,,2026-02-01,,,,,
speech therapist bromley,United Kingdom,,2026-02-01,8,,https://articulatekids.co.uk/speech-therapist-bromley/,,,2026-02-01,8,,https://articulatekids.co.uk/speech-therapist-bromley/,,
speech and language therapy london,United Kingdom,,2026-02-01,,,,,,2026-02-01,,,,,
what does a speech and language therapist do,United Kingdom,,2026-02-01,,,,,,2026-02-01,,,,,
speech therapist harley street,United Kingdom,,2026-02-01,6,,https://articulatekids.co.uk/speech-therapist-london/,,,2026-02-01,7,,https://articulatekids.co.uk/speech-therapist-london/,,
speech therapy for stuttering,United Kingdom,,2026-02-01,,,,,,2026-02-01,,,,,
speech therapy online uk,United Kingdom,,2026-02-01,,,,,,2026-02-01,,,,,
speech and language therapy near me,United Kingdom,,2026-02-01,,,,,,2026-02-01,,,,,
inclusive education speech and language therapy,United Kingdom,,2026-02-01,,,,,,2026-02-01,,,,,
toddler speech therapy,United Kingdom,,2026-02-01,,,,,,2026-02-01,,,,,
speech therapy for children,United Kingdom,,2026-02-01,,,,,,2026-02-01,,,,,
speech therapy approach young adults,United Kingdom,,2026-02-01,,,,,,2026-02-01,,,,,
speech therapy uk,United Kingdom,,2026-02-01,,,,,,2026-02-01,,,,,
speech therapy for autism,United Kingdom,,2026-02-01,,,,,,2026-02-01,,,,,
how to get toddler express themselves,United Kingdom,,2026-02-01,,,,,,2026-02-01,,,,,
speech therapist orpington,United Kingdom,,2026-02-01,2,,https://articulatekids.co.uk/,,,2026-02-01,2,,https://articulatekids.co.uk/,,
speach language pathologist,United Kingdom,,2026-02-01,,,,,,2026-02-01,,,,,
linguistic ability of 2 year old,United Kingdom,,2026-02-01,,,,,,2026-02-01,,,,,
speech and language services,United Kingdom,,2026-02-01,,,,,,2026-02-01,,,,,
speech therapist west wickham,United Kingdom,,2026-02-01,1,,https://articulatekids.co.uk/speech-therapist-bromley/,,,2026-02-01,1,,https://articulatekids.co.uk/speech-therapist-bromley/,,
developmental guidelines speech in babies,United Kingdom,,2026-02-01,,,,,,2026-02-01,,,,,
larynx speech 6 months old,United Kingdom,,2026-02-01,,,,,,2026-02-01,,,,,
speech & language therapist,United Kingdom,,2026-02-01,,,,,,2026-02-01,,,,,
speech therapist petts wood,United Kingdom,,2026-02-01,1,,https://articulatekids.co.uk/,,,2026-02-01,1,,https://articulatekids.co.uk/,,
speach therapy for children,United Kingdom,,2026-02-01,,,,,,2026-02-01,,,,,
intensive soeech theraphy cost,United Kingdom,,2026-02-01,3,,https://articulatekids.co.uk/speech-therapist-london/,,,2026-02-01,3,,https://articulatekids.co.uk/speech-therapist-london/,,
how to help asd children communicate,United Kingdom,,2026-02-01,,,,,,2026-02-01,,,,,
how many words shiukd a twenty month old say,United Kingdom,,2026-02-01,,,,,,2026-02-01,,,,,
speech therapy 4 kid's,United Kingdom,,2026-02-01,,,,,,2026-02-01,,,,,
school speech and language therapist,United Kingdom,,2026-02-01,,,,,,2026-02-01,,,,,
speech for 11 month old,United Kingdom,,2026-02-01,,,,,,2026-02-01,,,,,
speech therapy for kids,United Kingdom,,2026-02-01,16,,https://articulatekids.co.uk/,,,2026-02-01,,,,,
private speech and language therapy near me,United Kingdom,,2026-02-01,,,,,,2026-02-01,,,,,
earliest children join two words,United Kingdom,,2026-02-01,,,,,,2026-02-01,,,,,
speech and language therapy enfield,United Kingdom,,2026-02-01,,,,,,2026-02-01,,,,,
private speech therapy,United Kingdom,,2026-02-01,,,,,,2026-02-01,,,,,
speaking to 2 year olds,United Kingdom,,2026-02-01,,,,,,2026-02-01,,,,,
toddler speech milestones,United Kingdom,,2026-02-01,,,,,,2026-02-01,,,,,
early years speech and language newham,United Kingdom,,2026-02-01,,,,,,2026-02-01,,,,,
child speech therapist,United Kingdom,,2026-02-01,13,,https://articulatekids.co.uk/,,,2026-02-01,,,,,
speech therapist for kids,United Kingdom,,2026-02-01,,,,,,2026-02-01,,,,,
speach therapy,United Kingdom,,2026-02-01,,,,,,2026-02-01,,,,,
speech and language therapist int,United Kingdom,,2026-02-01,,,,,,2026-02-01,,,,,
private speech therapy cost,United Kingdom,,2026-02-01,,,,,,2026-02-01,,,,,
what does a 2 yearvold says,United Kingdom,,2026-02-01,,,,,,2026-02-01,,,,,
what should a 2 and a half year old be saying,United Kingdom,,2026-02-01,,,,,,2026-02-01,,,,,
what happens in a speech and language assessment,United Kingdom,,2026-02-01,,,,,,2026-02-01,,,,,
speech issues under 5 nice guidace,United Kingdom,,2026-02-01,,,,,,2026-02-01,,,,,
what causes stammers,United Kingdom,,2026-02-01,,,,,,2026-02-01,,,,,
signs of bullying,United Kingdom,,2026-02-01,,,,,,2026-02-01,,,,,
speech development records,United Kingdom,,2026-02-01,,,,,,2026-02-01,,,,,
speech therapy london,United Kingdom,,2026-02-01,,,,,,2026-02-01,,,,,
private speech therapy cost near me,United Kingdom,,2026-02-01,,,,,,2026-02-01,,,,,
speech therapy with teenagers,United Kingdom,,2026-02-01,13,,https://articulatekids.co.uk/speech-therapist-london/,,,2026-02-01,,,,,
autism therapy london,United Kingdom,,2026-02-01,,,,,,2026-02-01,,,,,
speech and language therapy swansea orchard street,United Kingdom,,2026-02-01,,,,,,2026-02-01,,,,,
speech therapist lewisham,United Kingdom,,2026-02-01,,,,,,2026-02-01,,,,,
professionalspeech therapy for kids,United Kingdom,,2026-02-01,,,,,,2026-02-01,,,,,
speech and language therapists,United Kingdom,,2026-02-01,,,,,,2026-02-01,,,,,
private speech therapy rotherham,United Kingdom,,2026-02-01,,,,,,2026-02-01,,,,,
how to spot a bully,United Kingdom,,2026-02-01,,,,,,2026-02-01,,,,,
london speech therapy,United Kingdom,,2026-02-01,,,,,,2026-02-01,10,,https://articulatekids.co.uk/speech-therapist-london/,,
speech therapy children,United Kingdom,,2026-02-01,,,,,,2026-02-01,,,,,
what causes stammering,United Kingdom,,2026-02-01,,,,,,2026-02-01,,,,,
speech and language therapist uk,United Kingdom,,2026-02-01,,,,,,2026-02-01,,,,,
speech expectations for 2 year old,United Kingdom,,2026-02-01,,,,,,2026-02-01,,,,,
speech therapist for 2 year old,United Kingdom,,2026-02-01,,,,,,2026-02-01,,,,,
speech therapy,United Kingdom,,2026-02-01,,,,,,2026-02-01,,,,,
counsellor and speech and language therapy,United Kingdom,,2026-02-01,,,,,,2026-02-01,,,,,
speech therapy clinic,United Kingdom,,2026-02-01,,,,,,2026-02-01,,,,,
what type of speech should my 8 months,United Kingdom,,2026-02-01,,,,,,2026-02-01,,,,,
what is speech therapy,United Kingdom,,2026-02-01,,,,,,2026-02-01,,,,,
what helps speech and language development,United Kingdom,,2026-02-01,,,,,,2026-02-01,,,,,
speech therapy assessment,United Kingdom,,2026-02-01,,,,,,2026-02-01,,,,,
speech therapy for toddlers,United Kingdom,,2026-02-01,,,,,,2026-02-01,,,,,
teacher children and slt,United Kingdom,,2026-02-01,,,,,,2026-02-01,,,,,
how many words can a one year old say uk,United Kingdom,,2026-02-01,,,,,,2026-02-01,,,,,
speech therapy essex,United Kingdom,,2026-02-01,,,,,,2026-02-01,,,,,
find a speech and language therapist,United Kingdom,,2026-02-01,,,,,,2026-02-01,,,,,
how much does a three year old talk,United Kingdom,,2026-02-01,,,,,,2026-02-01,,,,,
speech and language therapist,United Kingdom,,2026-02-01,,,,,,2026-02-01,,,,,
speech and language therapy clinic,United Kingdom,,2026-02-01,,,,,,2026-02-01,,,,,
when do infants recognize small sound,United Kingdom,,2026-02-01,,,,,,2026-02-01,,,,,
toddler talking milestones,United Kingdom,,2026-02-01,,,,,,2026-02-01,,,,,
how old speech and language therapy for toddlers,United Kingdom,,2026-02-01,,,,,,2026-02-01,,,,,
what do speech and language therapists do,United Kingdom,,2026-02-01,,,,,,2026-02-01,,,,,
language therapy,United Kingdom,,2026-02-01,,,,,,2026-02-01,,,,,
speech language pathologist,United Kingdom,,2026-02-01,,,,,,2026-02-01,,,,,
speech and language therapy private,United Kingdom,,2026-02-01,,,,,,2026-02-01,,,,,
should children be talking at 2 years,United Kingdom,,2026-02-01,,,,,,2026-02-01,,,,,
speech ans language therapy,United Kingdom,,2026-02-01,,,,,,2026-02-01,,,,,
speech therapist bexley,United Kingdom,,2026-02-01,3,,https://articulatekids.co.uk/speech-therapist-sidcup/,,,2026-02-01,3,,https://articulatekids.co.uk/speech-therapist-sidcup/,,
private speech therapy for toddlers,United Kingdom,,2026-02-01,18,,https://articulatekids.co.uk/,,,2026-02-01,,,,,
how tecnology can help kids in counselling,United Kingdom,,2026-02-01,,,,,,2026-02-01,,,,,
child speech therapy,United Kingdom,,2026-02-01,17,,https://articulatekids.co.uk/,,,2026-02-01,,,,,
private slt jobs,United Kingdom,,2026-02-01,,,,,,2026-02-01,,,,,
speech therapist greenwich,United Kingdom,,2026-02-01,,,,,,2026-02-01,,,,,
speech therapist london,United Kingdom,,2026-02-01,,,,,,2026-02-01,,,,,
what helps.speech and language doagnose autism,United Kingdom,,2026-02-01,,,,,,2026-02-01,,,,,
what cant my child talk,United Kingdom,,2026-02-01,,,,,,2026-02-01,,,,,
speech therapist jobs,United Kingdom,,2026-02-01,,,,,,2026-02-01,,,,,
nearest speech and language therapist,United Kingdom,,2026-02-01,,,,,,2026-02-01,,,,,
private speech therapist,United Kingdom,,2026-02-01,,,,,,2026-02-01,,,,,
speech and language how to do core vocabulary,United Kingdom,,2026-02-01,,,,,,2026-02-01,,,,,
speech difficulty kids how to call,United Kingdom,,2026-02-01,,,,,,2026-02-01,,,,,
speech therapist croydon,United Kingdom,,2026-02-01,,,,,,2026-02-01,,,,,
speech and language therapy kids,United Kingdom,,2026-02-01,,,,,,2026-02-01,,,,,
speech coach london,United Kingdom,,2026-02-01,,,,,,2026-02-01,,,,,
kids speech therapy near me,United Kingdom,,2026-02-01,,,,,,2026-02-01,,,,,
speech therapist primary school,United Kingdom,,2026-02-01,,,,,,2026-02-01,,,,,
speech therapy resources,United Kingdom,,2026-02-01,,,,,,2026-02-01,,,,,
speech language pathologist uk,United Kingdom,,2026-02-01,,,,,,2026-02-01,,,,,
private speech therapy london,United Kingdom,,2026-02-01,,,,,,2026-02-01,,,,,
roles of speech and language therapist,United Kingdom,,2026-02-01,,,,,,2026-02-01,,,,,
online speech therapy,United Kingdom,,2026-02-01,,,,,,2026-02-01,,,,,
speech therapist autism,United Kingdom,,2026-02-01,,,,,,2026-02-01,,,,,
speech and language therapist near me,United Kingdom,,2026-02-01,,,,,,2026-02-01,,,,,
intensive soeech theraphy cost uk,United Kingdom,,2026-02-01,7,,https://articulatekids.co.uk/speech-therapist-london/,,,2026-02-01,8,,https://articulatekids.co.uk/speech-therapist-london/,,
speech therapist sidcup,United Kingdom,,2026-02-01,2,,https://articulatekids.co.uk/speech-therapist-sidcup/,,,2026-02-01,2,,https://articulatekids.co.uk/speech-therapist-sidcup/,,
speech and language therapy,United Kingdom,,2026-02-01,,,,,,2026-02-01,,,,,
independent speech and language therapy,United Kingdom,,2026-02-01,,,,,,2026-02-01,,,,,
